{
    "apiVersion": "1.0.0", 
    "datasets": {
        "611a9a17-4a9d-11e5-a351-3c15c2da029e": {
            "alias": [
                "/DS1"
            ], 
            "attributes": [
                {
                    "name": "A1", 
                    "shape": {
                        "class": "H5S_SIMPLE", 
                        "dims": [
                            4
                        ]
                    }, 
                    "type": {
                        "base": {
                            "base": "H5T_STD_I64LE", 
                            "class": "H5T_INTEGER"
                        }, 
                        "class": "H5T_ARRAY", 
                        "dims": [
                            3, 
                            5
                        ]
                    }, 
                    "value": [
                        [
                            [
                                0, 
                                0, 
                                0, 
                                0, 
                                0
                            ], 
                            [
                                0, 
                                -1, 
                                -2, 
                                -3, 
                                -4
                            ], 
                            [
                                0, 
                                -2, 
                                -4, 
                                -6, 
                                -8
                            ]
                        ], 
                        [
                            [
                                0, 
                                1, 
                                2, 
                                3, 
                                4
                            ], 
                            [
                                1, 
                                1, 
                                1, 
                                1, 
                                1
                            ], 
                            [
                                2, 
                                1, 
                                0, 
                                -1, 
                                -2
                            ]
                        ], 
                        [
                            [
                                0, 
                                2, 
                                4, 
                                6, 
                                8
                            ], 
                            [
                                2, 
                                3, 
                                4, 
                                5, 
                                6
                            ], 
                            [
                                4, 
                                4, 
                                4, 
                                4, 
                                4
                            ]
                        ], 
                        [
                            [
                                0, 
                                3, 
                                6, 
                                9, 
                                12
                            ], 
                            [
                                3, 
                                5, 
                                7, 
                                9, 
                                11
                            ], 
                            [
                                6, 
                                7, 
                                8, 
                                9, 
                                10
                            ]
                        ]
                    ]
                }
            ], 
            "creationProperties": {
                "allocTime": "H5D_ALLOC_TIME_LATE", 
                "fillTime": "H5D_FILL_TIME_IFSET", 
                "fillValue": 0, 
                "layout": {
                    "class": "H5D_CONTIGUOUS"
                }
            }, 
            "shape": {
                "class": "H5S_NULL"
            }, 
            "type": {
                "base": "H5T_STD_I32LE", 
                "class": "H5T_INTEGER"
            }, 
            "value": null
        }
    }, 
    "groups": {
        "6118f51c-4a9d-11e5-97c2-3c15c2da029e": {
            "alias": [
                "/"
            ], 
            "links": [
                {
                    "class": "H5L_TYPE_HARD", 
                    "collection": "datasets", 
                    "id": "611a9a17-4a9d-11e5-a351-3c15c2da029e", 
                    "title": "DS1"
                }
            ]
        }
    }, 
    "root": "6118f51c-4a9d-11e5-97c2-3c15c2da029e"
}
