{
    "apiVersion": "1.0.0", 
    "datasets": {
        "9b4c7561-83f8-11e5-a488-3c15c2da029e": {
            "alias": [
                "/array"
            ], 
            "creationProperties": {
                "allocTime": "H5D_ALLOC_TIME_LATE", 
                "fillTime": "H5D_FILL_TIME_IFSET", 
                "layout": {
                    "class": "H5D_CONTIGUOUS"
                }
            }, 
            "shape": {
                "class": "H5S_SIMPLE", 
                "dims": [
                    100
                ]
            }, 
            "type": {
                "base": {
                    "base": "H5T_IEEE_F32LE", 
                    "class": "H5T_FLOAT"
                }, 
                "class": "H5T_ARRAY", 
                "dims": [
                    2, 
                    2
                ]
            }, 
            "value": [
                [
                    [
                        0.0, 
                        0.10000000149011612
                    ], 
                    [
                        0.20000000298023224, 
                        0.30000001192092896
                    ]
                ], 
                [
                    [
                        1.0, 
                        1.100000023841858
                    ], 
                    [
                        1.2000000476837158, 
                        1.2999999523162842
                    ]
                ], 
                [
                    [
                        2.0, 
                        2.0999999046325684
                    ], 
                    [
                        2.200000047683716, 
                        2.299999952316284
                    ]
                ], 
                [
                    [
                        3.0, 
                        3.0999999046325684
                    ], 
                    [
                        3.200000047683716, 
                        3.299999952316284
                    ]
                ], 
                [
                    [
                        4.0, 
                        4.099999904632568
                    ], 
                    [
                        4.199999809265137, 
                        4.300000190734863
                    ]
                ], 
                [
                    [
                        5.0, 
                        5.099999904632568
                    ], 
                    [
                        5.199999809265137, 
                        5.300000190734863
                    ]
                ], 
                [
                    [
                        6.0, 
                        6.099999904632568
                    ], 
                    [
                        6.199999809265137, 
                        6.300000190734863
                    ]
                ], 
                [
                    [
                        7.0, 
                        7.099999904632568
                    ], 
                    [
                        7.199999809265137, 
                        7.300000190734863
                    ]
                ], 
                [
                    [
                        8.0, 
                        8.100000381469727
                    ], 
                    [
                        8.199999809265137, 
                        8.300000190734863
                    ]
                ], 
                [
                    [
                        9.0, 
                        9.100000381469727
                    ], 
                    [
                        9.199999809265137, 
                        9.300000190734863
                    ]
                ], 
                [
                    [
                        10.0, 
                        10.100000381469727
                    ], 
                    [
                        10.199999809265137, 
                        10.300000190734863
                    ]
                ], 
                [
                    [
                        11.0, 
                        11.100000381469727
                    ], 
                    [
                        11.199999809265137, 
                        11.300000190734863
                    ]
                ], 
                [
                    [
                        12.0, 
                        12.100000381469727
                    ], 
                    [
                        12.199999809265137, 
                        12.300000190734863
                    ]
                ], 
                [
                    [
                        13.0, 
                        13.100000381469727
                    ], 
                    [
                        13.199999809265137, 
                        13.300000190734863
                    ]
                ], 
                [
                    [
                        14.0, 
                        14.100000381469727
                    ], 
                    [
                        14.199999809265137, 
                        14.300000190734863
                    ]
                ], 
                [
                    [
                        15.0, 
                        15.100000381469727
                    ], 
                    [
                        15.199999809265137, 
                        15.300000190734863
                    ]
                ], 
                [
                    [
                        16.0, 
                        16.100000381469727
                    ], 
                    [
                        16.200000762939453, 
                        16.299999237060547
                    ]
                ], 
                [
                    [
                        17.0, 
                        17.100000381469727
                    ], 
                    [
                        17.200000762939453, 
                        17.299999237060547
                    ]
                ], 
                [
                    [
                        18.0, 
                        18.100000381469727
                    ], 
                    [
                        18.200000762939453, 
                        18.299999237060547
                    ]
                ], 
                [
                    [
                        19.0, 
                        19.100000381469727
                    ], 
                    [
                        19.200000762939453, 
                        19.299999237060547
                    ]
                ], 
                [
                    [
                        20.0, 
                        20.100000381469727
                    ], 
                    [
                        20.200000762939453, 
                        20.299999237060547
                    ]
                ], 
                [
                    [
                        21.0, 
                        21.100000381469727
                    ], 
                    [
                        21.200000762939453, 
                        21.299999237060547
                    ]
                ], 
                [
                    [
                        22.0, 
                        22.100000381469727
                    ], 
                    [
                        22.200000762939453, 
                        22.299999237060547
                    ]
                ], 
                [
                    [
                        23.0, 
                        23.100000381469727
                    ], 
                    [
                        23.200000762939453, 
                        23.299999237060547
                    ]
                ], 
                [
                    [
                        24.0, 
                        24.100000381469727
                    ], 
                    [
                        24.200000762939453, 
                        24.299999237060547
                    ]
                ], 
                [
                    [
                        25.0, 
                        25.100000381469727
                    ], 
                    [
                        25.200000762939453, 
                        25.299999237060547
                    ]
                ], 
                [
                    [
                        26.0, 
                        26.100000381469727
                    ], 
                    [
                        26.200000762939453, 
                        26.299999237060547
                    ]
                ], 
                [
                    [
                        27.0, 
                        27.100000381469727
                    ], 
                    [
                        27.200000762939453, 
                        27.299999237060547
                    ]
                ], 
                [
                    [
                        28.0, 
                        28.100000381469727
                    ], 
                    [
                        28.200000762939453, 
                        28.299999237060547
                    ]
                ], 
                [
                    [
                        29.0, 
                        29.100000381469727
                    ], 
                    [
                        29.200000762939453, 
                        29.299999237060547
                    ]
                ], 
                [
                    [
                        30.0, 
                        30.100000381469727
                    ], 
                    [
                        30.200000762939453, 
                        30.299999237060547
                    ]
                ], 
                [
                    [
                        31.0, 
                        31.100000381469727
                    ], 
                    [
                        31.200000762939453, 
                        31.299999237060547
                    ]
                ], 
                [
                    [
                        32.0, 
                        32.099998474121094
                    ], 
                    [
                        32.20000076293945, 
                        32.29999923706055
                    ]
                ], 
                [
                    [
                        33.0, 
                        33.099998474121094
                    ], 
                    [
                        33.20000076293945, 
                        33.29999923706055
                    ]
                ], 
                [
                    [
                        34.0, 
                        34.099998474121094
                    ], 
                    [
                        34.20000076293945, 
                        34.29999923706055
                    ]
                ], 
                [
                    [
                        35.0, 
                        35.099998474121094
                    ], 
                    [
                        35.20000076293945, 
                        35.29999923706055
                    ]
                ], 
                [
                    [
                        36.0, 
                        36.099998474121094
                    ], 
                    [
                        36.20000076293945, 
                        36.29999923706055
                    ]
                ], 
                [
                    [
                        37.0, 
                        37.099998474121094
                    ], 
                    [
                        37.20000076293945, 
                        37.29999923706055
                    ]
                ], 
                [
                    [
                        38.0, 
                        38.099998474121094
                    ], 
                    [
                        38.20000076293945, 
                        38.29999923706055
                    ]
                ], 
                [
                    [
                        39.0, 
                        39.099998474121094
                    ], 
                    [
                        39.20000076293945, 
                        39.29999923706055
                    ]
                ], 
                [
                    [
                        40.0, 
                        40.099998474121094
                    ], 
                    [
                        40.20000076293945, 
                        40.29999923706055
                    ]
                ], 
                [
                    [
                        41.0, 
                        41.099998474121094
                    ], 
                    [
                        41.20000076293945, 
                        41.29999923706055
                    ]
                ], 
                [
                    [
                        42.0, 
                        42.099998474121094
                    ], 
                    [
                        42.20000076293945, 
                        42.29999923706055
                    ]
                ], 
                [
                    [
                        43.0, 
                        43.099998474121094
                    ], 
                    [
                        43.20000076293945, 
                        43.29999923706055
                    ]
                ], 
                [
                    [
                        44.0, 
                        44.099998474121094
                    ], 
                    [
                        44.20000076293945, 
                        44.29999923706055
                    ]
                ], 
                [
                    [
                        45.0, 
                        45.099998474121094
                    ], 
                    [
                        45.20000076293945, 
                        45.29999923706055
                    ]
                ], 
                [
                    [
                        46.0, 
                        46.099998474121094
                    ], 
                    [
                        46.20000076293945, 
                        46.29999923706055
                    ]
                ], 
                [
                    [
                        47.0, 
                        47.099998474121094
                    ], 
                    [
                        47.20000076293945, 
                        47.29999923706055
                    ]
                ], 
                [
                    [
                        48.0, 
                        48.099998474121094
                    ], 
                    [
                        48.20000076293945, 
                        48.29999923706055
                    ]
                ], 
                [
                    [
                        49.0, 
                        49.099998474121094
                    ], 
                    [
                        49.20000076293945, 
                        49.29999923706055
                    ]
                ], 
                [
                    [
                        50.0, 
                        50.099998474121094
                    ], 
                    [
                        50.20000076293945, 
                        50.29999923706055
                    ]
                ], 
                [
                    [
                        51.0, 
                        51.099998474121094
                    ], 
                    [
                        51.20000076293945, 
                        51.29999923706055
                    ]
                ], 
                [
                    [
                        52.0, 
                        52.099998474121094
                    ], 
                    [
                        52.20000076293945, 
                        52.29999923706055
                    ]
                ], 
                [
                    [
                        53.0, 
                        53.099998474121094
                    ], 
                    [
                        53.20000076293945, 
                        53.29999923706055
                    ]
                ], 
                [
                    [
                        54.0, 
                        54.099998474121094
                    ], 
                    [
                        54.20000076293945, 
                        54.29999923706055
                    ]
                ], 
                [
                    [
                        55.0, 
                        55.099998474121094
                    ], 
                    [
                        55.20000076293945, 
                        55.29999923706055
                    ]
                ], 
                [
                    [
                        56.0, 
                        56.099998474121094
                    ], 
                    [
                        56.20000076293945, 
                        56.29999923706055
                    ]
                ], 
                [
                    [
                        57.0, 
                        57.099998474121094
                    ], 
                    [
                        57.20000076293945, 
                        57.29999923706055
                    ]
                ], 
                [
                    [
                        58.0, 
                        58.099998474121094
                    ], 
                    [
                        58.20000076293945, 
                        58.29999923706055
                    ]
                ], 
                [
                    [
                        59.0, 
                        59.099998474121094
                    ], 
                    [
                        59.20000076293945, 
                        59.29999923706055
                    ]
                ], 
                [
                    [
                        60.0, 
                        60.099998474121094
                    ], 
                    [
                        60.20000076293945, 
                        60.29999923706055
                    ]
                ], 
                [
                    [
                        61.0, 
                        61.099998474121094
                    ], 
                    [
                        61.20000076293945, 
                        61.29999923706055
                    ]
                ], 
                [
                    [
                        62.0, 
                        62.099998474121094
                    ], 
                    [
                        62.20000076293945, 
                        62.29999923706055
                    ]
                ], 
                [
                    [
                        63.0, 
                        63.099998474121094
                    ], 
                    [
                        63.20000076293945, 
                        63.29999923706055
                    ]
                ], 
                [
                    [
                        64.0, 
                        64.0999984741211
                    ], 
                    [
                        64.19999694824219, 
                        64.30000305175781
                    ]
                ], 
                [
                    [
                        65.0, 
                        65.0999984741211
                    ], 
                    [
                        65.19999694824219, 
                        65.30000305175781
                    ]
                ], 
                [
                    [
                        66.0, 
                        66.0999984741211
                    ], 
                    [
                        66.19999694824219, 
                        66.30000305175781
                    ]
                ], 
                [
                    [
                        67.0, 
                        67.0999984741211
                    ], 
                    [
                        67.19999694824219, 
                        67.30000305175781
                    ]
                ], 
                [
                    [
                        68.0, 
                        68.0999984741211
                    ], 
                    [
                        68.19999694824219, 
                        68.30000305175781
                    ]
                ], 
                [
                    [
                        69.0, 
                        69.0999984741211
                    ], 
                    [
                        69.19999694824219, 
                        69.30000305175781
                    ]
                ], 
                [
                    [
                        70.0, 
                        70.0999984741211
                    ], 
                    [
                        70.19999694824219, 
                        70.30000305175781
                    ]
                ], 
                [
                    [
                        71.0, 
                        71.0999984741211
                    ], 
                    [
                        71.19999694824219, 
                        71.30000305175781
                    ]
                ], 
                [
                    [
                        72.0, 
                        72.0999984741211
                    ], 
                    [
                        72.19999694824219, 
                        72.30000305175781
                    ]
                ], 
                [
                    [
                        73.0, 
                        73.0999984741211
                    ], 
                    [
                        73.19999694824219, 
                        73.30000305175781
                    ]
                ], 
                [
                    [
                        74.0, 
                        74.0999984741211
                    ], 
                    [
                        74.19999694824219, 
                        74.30000305175781
                    ]
                ], 
                [
                    [
                        75.0, 
                        75.0999984741211
                    ], 
                    [
                        75.19999694824219, 
                        75.30000305175781
                    ]
                ], 
                [
                    [
                        76.0, 
                        76.0999984741211
                    ], 
                    [
                        76.19999694824219, 
                        76.30000305175781
                    ]
                ], 
                [
                    [
                        77.0, 
                        77.0999984741211
                    ], 
                    [
                        77.19999694824219, 
                        77.30000305175781
                    ]
                ], 
                [
                    [
                        78.0, 
                        78.0999984741211
                    ], 
                    [
                        78.19999694824219, 
                        78.30000305175781
                    ]
                ], 
                [
                    [
                        79.0, 
                        79.0999984741211
                    ], 
                    [
                        79.19999694824219, 
                        79.30000305175781
                    ]
                ], 
                [
                    [
                        80.0, 
                        80.0999984741211
                    ], 
                    [
                        80.19999694824219, 
                        80.30000305175781
                    ]
                ], 
                [
                    [
                        81.0, 
                        81.0999984741211
                    ], 
                    [
                        81.19999694824219, 
                        81.30000305175781
                    ]
                ], 
                [
                    [
                        82.0, 
                        82.0999984741211
                    ], 
                    [
                        82.19999694824219, 
                        82.30000305175781
                    ]
                ], 
                [
                    [
                        83.0, 
                        83.0999984741211
                    ], 
                    [
                        83.19999694824219, 
                        83.30000305175781
                    ]
                ], 
                [
                    [
                        84.0, 
                        84.0999984741211
                    ], 
                    [
                        84.19999694824219, 
                        84.30000305175781
                    ]
                ], 
                [
                    [
                        85.0, 
                        85.0999984741211
                    ], 
                    [
                        85.19999694824219, 
                        85.30000305175781
                    ]
                ], 
                [
                    [
                        86.0, 
                        86.0999984741211
                    ], 
                    [
                        86.19999694824219, 
                        86.30000305175781
                    ]
                ], 
                [
                    [
                        87.0, 
                        87.0999984741211
                    ], 
                    [
                        87.19999694824219, 
                        87.30000305175781
                    ]
                ], 
                [
                    [
                        88.0, 
                        88.0999984741211
                    ], 
                    [
                        88.19999694824219, 
                        88.30000305175781
                    ]
                ], 
                [
                    [
                        89.0, 
                        89.0999984741211
                    ], 
                    [
                        89.19999694824219, 
                        89.30000305175781
                    ]
                ], 
                [
                    [
                        90.0, 
                        90.0999984741211
                    ], 
                    [
                        90.19999694824219, 
                        90.30000305175781
                    ]
                ], 
                [
                    [
                        91.0, 
                        91.0999984741211
                    ], 
                    [
                        91.19999694824219, 
                        91.30000305175781
                    ]
                ], 
                [
                    [
                        92.0, 
                        92.0999984741211
                    ], 
                    [
                        92.19999694824219, 
                        92.30000305175781
                    ]
                ], 
                [
                    [
                        93.0, 
                        93.0999984741211
                    ], 
                    [
                        93.19999694824219, 
                        93.30000305175781
                    ]
                ], 
                [
                    [
                        94.0, 
                        94.0999984741211
                    ], 
                    [
                        94.19999694824219, 
                        94.30000305175781
                    ]
                ], 
                [
                    [
                        95.0, 
                        95.0999984741211
                    ], 
                    [
                        95.19999694824219, 
                        95.30000305175781
                    ]
                ], 
                [
                    [
                        96.0, 
                        96.0999984741211
                    ], 
                    [
                        96.19999694824219, 
                        96.30000305175781
                    ]
                ], 
                [
                    [
                        97.0, 
                        97.0999984741211
                    ], 
                    [
                        97.19999694824219, 
                        97.30000305175781
                    ]
                ], 
                [
                    [
                        98.0, 
                        98.0999984741211
                    ], 
                    [
                        98.19999694824219, 
                        98.30000305175781
                    ]
                ], 
                [
                    [
                        99.0, 
                        99.0999984741211
                    ], 
                    [
                        99.19999694824219, 
                        99.30000305175781
                    ]
                ]
            ]
        }
    }, 
    "groups": {
        "9b4b6c07-83f8-11e5-ad23-3c15c2da029e": {
            "alias": [
                "/"
            ], 
            "links": [
                {
                    "class": "H5L_TYPE_HARD", 
                    "collection": "datasets", 
                    "id": "9b4c7561-83f8-11e5-a488-3c15c2da029e", 
                    "title": "array"
                }
            ]
        }
    }, 
    "root": "9b4b6c07-83f8-11e5-ad23-3c15c2da029e"
}
