{
    "apiVersion": "1.0.0",
    "datasets": {
        "9b3519cf-83f8-11e5-8e8c-3c15c2da029e": {
            "alias": [
                "/DS1"
            ],
            "creationProperties": {
                "allocTime": "H5D_ALLOC_TIME_LATE",
                "fillTime": "H5D_FILL_TIME_IFSET",
                "layout": {
                    "class": "H5D_CONTIGUOUS"
                }
            },
            "shape": {
                "class": "H5S_SIMPLE",
                "dims": [
                    4
                ]
            },
            "type": {
                "base": {
                    "base": "H5T_STD_I64LE",
                    "class": "H5T_INTEGER"
                },
                "class": "H5T_ARRAY",
                "dims": [
                    3,
                    5
                ]
            },
            "value": [
                [
                    [
                        0,
                        0,
                        0,
                        0,
                        0
                    ],
                    [
                        0,
                        -1,
                        -2,
                        -3,
                        -4
                    ],
                    [
                        0,
                        -2,
                        -4,
                        -6,
                        -8
                    ]
                ],
                [
                    [
                        0,
                        1,
                        2,
                        3,
                        4
                    ],
                    [
                        1,
                        1,
                        1,
                        1,
                        1
                    ],
                    [
                        2,
                        1,
                        0,
                        -1,
                        -2
                    ]
                ],
                [
                    [
                        0,
                        2,
                        4,
                        6,
                        8
                    ],
                    [
                        2,
                        3,
                        4,
                        5,
                        6
                    ],
                    [
                        4,
                        4,
                        4,
                        4,
                        4
                    ]
                ],
                [
                    [
                        0,
                        3,
                        6,
                        9,
                        12
                    ],
                    [
                        3,
                        5,
                        7,
                        9,
                        11
                    ],
                    [
                        6,
                        7,
                        8,
                        9,
                        10
                    ]
                ]
            ]
        }
    },
    "groups": {
        "9b338cbd-83f8-11e5-9763-3c15c2da029e": {
            "alias": [
                "/"
            ],
            "links": [
                {
                    "class": "H5L_TYPE_HARD",
                    "collection": "datasets",
                    "id": "9b3519cf-83f8-11e5-8e8c-3c15c2da029e",
                    "title": "DS1"
                }
            ]
        }
    },
    "root": "9b338cbd-83f8-11e5-9763-3c15c2da029e"
}
