{
    "apiVersion": "1.0.0", 
    "datasets": {
        "9b650559-83f8-11e5-b49f-3c15c2da029e": {
            "alias": [
                "/DS1"
            ], 
            "creationProperties": {
                "allocTime": "H5D_ALLOC_TIME_LATE", 
                "fillTime": "H5D_FILL_TIME_IFSET", 
                "layout": {
                    "class": "H5D_CONTIGUOUS"
                }
            }, 
            "shape": {
                "class": "H5S_SIMPLE", 
                "dims": [
                    4
                ]
            }, 
            "type": "datatypes/9b652223-83f8-11e5-b028-3c15c2da029e", 
            "value": [
                [
                    12345678, 
                    "SEA", 
                    56.3, 
                    29.35
                ], 
                [
                    12333343, 
                    "LAX", 
                    73.3, 
                    32.33
                ], 
                [
                    14543645, 
                    "PDX", 
                    65.3, 
                    31.23
                ], 
                [
                    14344545, 
                    "IDA", 
                    72.3, 
                    30.43
                ]
            ]
        }
    }, 
    "datatypes": {
        "9b652223-83f8-11e5-b028-3c15c2da029e": {
            "alias": [
                "/Sensor_Type"
            ], 
            "type": {
                "class": "H5T_COMPOUND", 
                "fields": [
                    {
                        "name": "Serial number", 
                        "type": {
                            "base": "H5T_STD_I64BE", 
                            "class": "H5T_INTEGER"
                        }
                    }, 
                    {
                        "name": "Location", 
                        "type": {
                            "charSet": "H5T_CSET_ASCII", 
                            "class": "H5T_STRING", 
                            "length": 3, 
                            "strPad": "H5T_STR_NULLPAD"
                        }
                    }, 
                    {
                        "name": "Temperature (F)", 
                        "type": {
                            "base": "H5T_IEEE_F64BE", 
                            "class": "H5T_FLOAT"
                        }
                    }, 
                    {
                        "name": "Pressure (inHg)", 
                        "type": {
                            "base": "H5T_IEEE_F64BE", 
                            "class": "H5T_FLOAT"
                        }
                    }
                ]
            }
        }
    }, 
    "groups": {
        "9b63ba91-83f8-11e5-8464-3c15c2da029e": {
            "alias": [
                "/"
            ], 
            "attributes": [
                {
                    "name": "attr1", 
                    "shape": {
                        "class": "H5S_SCALAR"
                    }, 
                    "type": "datatypes/9b652223-83f8-11e5-b028-3c15c2da029e", 
                    "value": [
                        0, 
                        "0", 
                        0.0, 
                        0.0
                    ]
                }
            ], 
            "links": [
                {
                    "class": "H5L_TYPE_HARD", 
                    "collection": "datasets", 
                    "id": "9b650559-83f8-11e5-b49f-3c15c2da029e", 
                    "title": "DS1"
                }, 
                {
                    "class": "H5L_TYPE_HARD", 
                    "collection": "datatypes", 
                    "id": "9b652223-83f8-11e5-b028-3c15c2da029e", 
                    "title": "Sensor_Type"
                }
            ]
        }
    }, 
    "root": "9b63ba91-83f8-11e5-8464-3c15c2da029e"
}
