{
    "apiVersion": "1.1.0",
    "datasets": {
        "4c97c75c-2553-42b7-a733-1c18887001c2": {
            "alias": [
                "/dset"
            ],
            "type": {
                "fields": [
                    {
                        "type": {
                            "class": "H5T_FLOAT",
                            "base": "H5T_IEEE_F64LE"
                        },
                        "name": "Time"
                    },
                    {
                        "type": {
                            "class": "H5T_ARRAY",
                            "dims": [
                                4
                            ],
                            "base": {
                                "class": "H5T_FLOAT",
                                "base": "H5T_IEEE_F32LE"
                            }
                        },
                        "name": "Concentration"
                    },
                    {
                        "type": {
                            "class": "H5T_ARRAY",
                            "dims": [
                                8
                            ],
                            "base": {
                                "class": "H5T_INTEGER",
                                "base": "H5T_STD_I8LE"
                            }
                        },
                        "name": "Species"
                    }
                ],
                "class": "H5T_COMPOUND"
            },
            "creationProperties": {
                "layout": {
                    "class": "H5D_CONTIGUOUS"
                }
            },
            "description": "",
            "shape": {
                "maxdims": [
                    15
                ],
                "class": "H5S_SIMPLE",
                "dims": [
                    15
                ]
            },
            "attributes": []
        }
    },
    "groups": {
        "31e6e63a-41da-11e5-a8c1-3c15c2da029e": {
            "alias": [
                "/"
            ],
            "attributes": [],
            "links": [
                {
                    "class": "H5L_TYPE_HARD",
                    "collection": "datasets",
                    "id": "4c97c75c-2553-42b7-a733-1c18887001c2",
                    "title": "dset"
                }
            ]
        }
    },
    "root": "31e6e63a-41da-11e5-a8c1-3c15c2da029e"
}
