{
    "apiVersion": "1.0.0", 
    "datasets": {
        "9bc7fc0a-83f8-11e5-b80c-3c15c2da029e": {
            "alias": [
                "/dset"
            ], 
            "creationProperties": {
                "allocTime": "H5D_ALLOC_TIME_LATE", 
                "fillTime": "H5D_FILL_TIME_IFSET", 
                "layout": {
                    "class": "H5D_CONTIGUOUS"
                }
            }, 
            "shape": {
                "class": "H5S_SIMPLE", 
                "dims": [
                    72
                ]
            }, 
            "type": {
                "class": "H5T_COMPOUND", 
                "fields": [
                    {
                        "name": "date", 
                        "type": {
                            "base": "H5T_STD_I32LE", 
                            "class": "H5T_INTEGER"
                        }
                    }, 
                    {
                        "name": "time", 
                        "type": {
                            "charSet": "H5T_CSET_ASCII", 
                            "class": "H5T_STRING", 
                            "length": 6, 
                            "strPad": "H5T_STR_NULLPAD"
                        }
                    }, 
                    {
                        "name": "temp", 
                        "type": {
                            "base": "H5T_STD_I32LE", 
                            "class": "H5T_INTEGER"
                        }
                    }
                ]
            }, 
            "value": [
                [
                    24, 
                    "13:53", 
                    63
                ], 
                [
                    24, 
                    "12:53", 
                    61
                ], 
                [
                    24, 
                    "11:53", 
                    61
                ], 
                [
                    24, 
                    "10:53", 
                    58
                ], 
                [
                    24, 
                    "9:53", 
                    60
                ], 
                [
                    24, 
                    "8:53", 
                    60
                ], 
                [
                    24, 
                    "7:53", 
                    61
                ], 
                [
                    24, 
                    "6:53", 
                    62
                ], 
                [
                    24, 
                    "5:53", 
                    62
                ], 
                [
                    24, 
                    "4:53", 
                    63
                ], 
                [
                    24, 
                    "3:53", 
                    63
                ], 
                [
                    24, 
                    "2:53", 
                    63
                ], 
                [
                    24, 
                    "1:53", 
                    62
                ], 
                [
                    24, 
                    "0:53", 
                    63
                ], 
                [
                    23, 
                    "23:53", 
                    63
                ], 
                [
                    23, 
                    "22:53", 
                    63
                ], 
                [
                    23, 
                    "21:53", 
                    63
                ], 
                [
                    23, 
                    "20:53", 
                    62
                ], 
                [
                    23, 
                    "19:53", 
                    62
                ], 
                [
                    23, 
                    "18:53", 
                    62
                ], 
                [
                    23, 
                    "17:53", 
                    64
                ], 
                [
                    23, 
                    "16:53", 
                    65
                ], 
                [
                    23, 
                    "15:53", 
                    65
                ], 
                [
                    23, 
                    "14:53", 
                    66
                ], 
                [
                    23, 
                    "13:53", 
                    65
                ], 
                [
                    23, 
                    "12:53", 
                    66
                ], 
                [
                    23, 
                    "11:53", 
                    64
                ], 
                [
                    23, 
                    "10:53", 
                    61
                ], 
                [
                    23, 
                    "9:53", 
                    62
                ], 
                [
                    23, 
                    "8:53", 
                    61
                ], 
                [
                    23, 
                    "7:53", 
                    59
                ], 
                [
                    23, 
                    "6:53", 
                    60
                ], 
                [
                    23, 
                    "5:53", 
                    59
                ], 
                [
                    23, 
                    "4:53", 
                    59
                ], 
                [
                    23, 
                    "3:53", 
                    60
                ], 
                [
                    23, 
                    "2:53", 
                    62
                ], 
                [
                    23, 
                    "1:53", 
                    62
                ], 
                [
                    23, 
                    "0:53", 
                    60
                ], 
                [
                    22, 
                    "23:53", 
                    61
                ], 
                [
                    22, 
                    "22:53", 
                    63
                ], 
                [
                    22, 
                    "21:53", 
                    64
                ], 
                [
                    22, 
                    "20:53", 
                    65
                ], 
                [
                    22, 
                    "19:53", 
                    66
                ], 
                [
                    22, 
                    "18:53", 
                    67
                ], 
                [
                    22, 
                    "17:53", 
                    68
                ], 
                [
                    22, 
                    "16:53", 
                    70
                ], 
                [
                    22, 
                    "15:53", 
                    70
                ], 
                [
                    22, 
                    "14:53", 
                    70
                ], 
                [
                    22, 
                    "13:53", 
                    69
                ], 
                [
                    22, 
                    "12:53", 
                    67
                ], 
                [
                    22, 
                    "11:53", 
                    68
                ], 
                [
                    22, 
                    "10:53", 
                    64
                ], 
                [
                    22, 
                    "9:53", 
                    63
                ], 
                [
                    22, 
                    "8:53", 
                    61
                ], 
                [
                    22, 
                    "7:53", 
                    60
                ], 
                [
                    22, 
                    "6:53", 
                    61
                ], 
                [
                    22, 
                    "5:53", 
                    62
                ], 
                [
                    22, 
                    "4:53", 
                    62
                ], 
                [
                    22, 
                    "3:53", 
                    62
                ], 
                [
                    22, 
                    "2:53", 
                    62
                ], 
                [
                    22, 
                    "1:53", 
                    62
                ], 
                [
                    22, 
                    "0:53", 
                    62
                ], 
                [
                    21, 
                    "23:53", 
                    61
                ], 
                [
                    21, 
                    "22:53", 
                    62
                ], 
                [
                    21, 
                    "21:53", 
                    62
                ], 
                [
                    21, 
                    "20:53", 
                    64
                ], 
                [
                    21, 
                    "19:53", 
                    66
                ], 
                [
                    21, 
                    "18:53", 
                    69
                ], 
                [
                    21, 
                    "17:53", 
                    74
                ], 
                [
                    21, 
                    "16:53", 
                    75
                ], 
                [
                    21, 
                    "15:53", 
                    79
                ], 
                [
                    21, 
                    "14:53", 
                    78
                ]
            ]
        }
    }, 
    "datatypes": {
        "9bc8266e-83f8-11e5-bf03-3c15c2da029e": {
            "alias": [
                "/types/date"
            ], 
            "type": {
                "base": "H5T_STD_I32LE", 
                "class": "H5T_INTEGER"
            }
        }, 
        "9bc838c0-83f8-11e5-85d3-3c15c2da029e": {
            "alias": [
                "/types/temp"
            ], 
            "type": {
                "base": "H5T_STD_I32LE", 
                "class": "H5T_INTEGER"
            }
        }, 
        "9bc84a51-83f8-11e5-89b8-3c15c2da029e": {
            "alias": [
                "/types/time"
            ], 
            "type": {
                "charSet": "H5T_CSET_ASCII", 
                "class": "H5T_STRING", 
                "length": 6, 
                "strPad": "H5T_STR_NULLPAD"
            }
        }
    }, 
    "groups": {
        "9bc6e017-83f8-11e5-a4ad-3c15c2da029e": {
            "alias": [
                "/"
            ], 
            "attributes": [
                {
                    "name": "note", 
                    "shape": {
                        "class": "H5S_SCALAR"
                    }, 
                    "type": {
                        "charSet": "H5T_CSET_ASCII", 
                        "class": "H5T_STRING", 
                        "length": "H5T_VARIABLE", 
                        "strPad": "H5T_STR_NULLTERM"
                    }, 
                    "value": "Seattle, WA Weather observations Sept 21-24, 2014. KSEA station.\nSource: NOAA"
                }
            ], 
            "links": [
                {
                    "class": "H5L_TYPE_HARD", 
                    "collection": "datasets", 
                    "id": "9bc7fc0a-83f8-11e5-b80c-3c15c2da029e", 
                    "title": "dset"
                }, 
                {
                    "class": "H5L_TYPE_HARD", 
                    "collection": "groups", 
                    "id": "9bc8132b-83f8-11e5-8bb3-3c15c2da029e", 
                    "title": "types"
                }
            ]
        }, 
        "9bc8132b-83f8-11e5-8bb3-3c15c2da029e": {
            "alias": [
                "/types"
            ], 
            "links": [
                {
                    "class": "H5L_TYPE_HARD", 
                    "collection": "datatypes", 
                    "id": "9bc8266e-83f8-11e5-bf03-3c15c2da029e", 
                    "title": "date"
                }, 
                {
                    "class": "H5L_TYPE_HARD", 
                    "collection": "datatypes", 
                    "id": "9bc838c0-83f8-11e5-85d3-3c15c2da029e", 
                    "title": "temp"
                }, 
                {
                    "class": "H5L_TYPE_HARD", 
                    "collection": "datatypes", 
                    "id": "9bc84a51-83f8-11e5-89b8-3c15c2da029e", 
                    "title": "time"
                }
            ]
        }
    }, 
    "root": "9bc6e017-83f8-11e5-a4ad-3c15c2da029e"
}
