{
    "apiVersion": "1.0.0", 
    "groups": {
        "9baf6d1e-83f8-11e5-bfd5-3c15c2da029e": {
            "alias": [
                "/"
            ], 
            "attributes": [
                {
                    "name": "weather", 
                    "shape": {
                        "class": "H5S_SIMPLE", 
                        "dims": [
                            1
                        ]
                    }, 
                    "type": {
                        "class": "H5T_COMPOUND", 
                        "fields": [
                            {
                                "name": "time", 
                                "type": {
                                    "base": "H5T_STD_I64LE", 
                                    "class": "H5T_INTEGER"
                                }
                            }, 
                            {
                                "name": "temp", 
                                "type": {
                                    "base": "H5T_STD_I64LE", 
                                    "class": "H5T_INTEGER"
                                }
                            }, 
                            {
                                "name": "pressure", 
                                "type": {
                                    "base": "H5T_IEEE_F64LE", 
                                    "class": "H5T_FLOAT"
                                }
                            }, 
                            {
                                "name": "wind", 
                                "type": {
                                    "charSet": "H5T_CSET_ASCII", 
                                    "class": "H5T_STRING", 
                                    "length": 6, 
                                    "strPad": "H5T_STR_NULLPAD"
                                }
                            }
                        ]
                    }, 
                    "value": [
                        [
                            1412732704, 
                            64, 
                            35.43, 
                            "SE 8"
                        ]
                    ]
                }
            ]
        }
    }, 
    "root": "9baf6d1e-83f8-11e5-bfd5-3c15c2da029e"
}
