{
    "apiVersion": "1.0.0", 
    "datasets": {
        "62880ad1-4a9d-11e5-bfb1-3c15c2da029e": {
            "alias": [
                "/dset"
            ], 
            "creationProperties": {
                "allocTime": "H5D_ALLOC_TIME_LATE", 
                "fillTime": "H5D_FILL_TIME_IFSET", 
                "fillValue": [
                    999, 
                    "99:90", 
                    999, 
                    999.0, 
                    "N"
                ], 
                "layout": {
                    "class": "H5D_CONTIGUOUS"
                }
            }, 
            "shape": {
                "class": "H5S_SIMPLE", 
                "dims": [
                    72
                ]
            }, 
            "type": {
                "class": "H5T_COMPOUND", 
                "fields": [
                    {
                        "name": "date", 
                        "type": {
                            "base": "H5T_STD_I64LE", 
                            "class": "H5T_INTEGER"
                        }
                    }, 
                    {
                        "name": "time", 
                        "type": {
                            "charSet": "H5T_CSET_ASCII", 
                            "class": "H5T_STRING", 
                            "length": 6, 
                            "strPad": "H5T_STR_NULLPAD"
                        }
                    }, 
                    {
                        "name": "temp", 
                        "type": {
                            "base": "H5T_STD_I64LE", 
                            "class": "H5T_INTEGER"
                        }
                    }, 
                    {
                        "name": "pressure", 
                        "type": {
                            "base": "H5T_IEEE_F64LE", 
                            "class": "H5T_FLOAT"
                        }
                    }, 
                    {
                        "name": "wind", 
                        "type": {
                            "charSet": "H5T_CSET_ASCII", 
                            "class": "H5T_STRING", 
                            "length": 6, 
                            "strPad": "H5T_STR_NULLPAD"
                        }
                    }
                ]
            }, 
            "value": [
                [
                    24, 
                    "13:53", 
                    63, 
                    29.88, 
                    "SE 10"
                ], 
                [
                    24, 
                    "12:53", 
                    61, 
                    29.87, 
                    "SE 10"
                ], 
                [
                    24, 
                    "11:53", 
                    61, 
                    29.86, 
                    "S 8"
                ], 
                [
                    24, 
                    "10:53", 
                    58, 
                    29.85, 
                    "SE 10"
                ], 
                [
                    24, 
                    "9:53", 
                    60, 
                    29.83, 
                    "SW 8"
                ], 
                [
                    24, 
                    "8:53", 
                    60, 
                    29.81, 
                    "SW 7"
                ], 
                [
                    24, 
                    "7:53", 
                    61, 
                    29.78, 
                    "W 10 G"
                ], 
                [
                    24, 
                    "6:53", 
                    62, 
                    29.75, 
                    "Calm"
                ], 
                [
                    24, 
                    "5:53", 
                    62, 
                    29.73, 
                    "S 7"
                ], 
                [
                    24, 
                    "4:53", 
                    63, 
                    29.75, 
                    "SE 8"
                ], 
                [
                    24, 
                    "3:53", 
                    63, 
                    29.76, 
                    "SE 8"
                ], 
                [
                    24, 
                    "2:53", 
                    63, 
                    29.76, 
                    "S 7"
                ], 
                [
                    24, 
                    "1:53", 
                    62, 
                    29.74, 
                    "S 7"
                ], 
                [
                    24, 
                    "0:53", 
                    63, 
                    29.72, 
                    "S 8"
                ], 
                [
                    23, 
                    "23:53", 
                    63, 
                    29.71, 
                    "SE 5"
                ], 
                [
                    23, 
                    "22:53", 
                    63, 
                    29.7, 
                    "E 6"
                ], 
                [
                    23, 
                    "21:53", 
                    63, 
                    29.73, 
                    "E 7"
                ], 
                [
                    23, 
                    "20:53", 
                    62, 
                    29.76, 
                    "E 6"
                ], 
                [
                    23, 
                    "19:53", 
                    62, 
                    29.79, 
                    "SE 9"
                ], 
                [
                    23, 
                    "18:53", 
                    62, 
                    29.8, 
                    "SE 12"
                ], 
                [
                    23, 
                    "17:53", 
                    64, 
                    29.82, 
                    "S 9"
                ], 
                [
                    23, 
                    "16:53", 
                    65, 
                    29.82, 
                    "SE 7"
                ], 
                [
                    23, 
                    "15:53", 
                    65, 
                    29.84, 
                    "SW 3"
                ], 
                [
                    23, 
                    "14:53", 
                    66, 
                    29.83, 
                    "SE 8"
                ], 
                [
                    23, 
                    "13:53", 
                    65, 
                    29.83, 
                    "W 5"
                ], 
                [
                    23, 
                    "12:53", 
                    66, 
                    29.84, 
                    "W 5"
                ], 
                [
                    23, 
                    "11:53", 
                    64, 
                    29.84, 
                    "E 6"
                ], 
                [
                    23, 
                    "10:53", 
                    61, 
                    29.86, 
                    "SE 5"
                ], 
                [
                    23, 
                    "9:53", 
                    62, 
                    29.86, 
                    "S 6"
                ], 
                [
                    23, 
                    "8:53", 
                    61, 
                    29.84, 
                    "S 3"
                ], 
                [
                    23, 
                    "7:53", 
                    59, 
                    29.84, 
                    "S 5"
                ], 
                [
                    23, 
                    "6:53", 
                    60, 
                    29.85, 
                    "Calm"
                ], 
                [
                    23, 
                    "5:53", 
                    59, 
                    29.86, 
                    "SE 6"
                ], 
                [
                    23, 
                    "4:53", 
                    59, 
                    29.88, 
                    "Calm"
                ], 
                [
                    23, 
                    "3:53", 
                    60, 
                    29.88, 
                    "W 5"
                ], 
                [
                    23, 
                    "2:53", 
                    62, 
                    29.88, 
                    "E 5"
                ], 
                [
                    23, 
                    "1:53", 
                    62, 
                    29.92, 
                    "E 6"
                ], 
                [
                    23, 
                    "0:53", 
                    60, 
                    29.92, 
                    "S 3"
                ], 
                [
                    22, 
                    "23:53", 
                    61, 
                    29.92, 
                    "Calm"
                ], 
                [
                    22, 
                    "22:53", 
                    63, 
                    29.93, 
                    "Calm"
                ], 
                [
                    22, 
                    "21:53", 
                    64, 
                    29.94, 
                    "Calm"
                ], 
                [
                    22, 
                    "20:53", 
                    65, 
                    29.93, 
                    "W 3"
                ], 
                [
                    22, 
                    "19:53", 
                    66, 
                    29.94, 
                    "Calm"
                ], 
                [
                    22, 
                    "18:53", 
                    67, 
                    29.94, 
                    "W 3"
                ], 
                [
                    22, 
                    "17:53", 
                    68, 
                    29.95, 
                    "Calm"
                ], 
                [
                    22, 
                    "16:53", 
                    70, 
                    29.97, 
                    "SW 8"
                ], 
                [
                    22, 
                    "15:53", 
                    70, 
                    29.98, 
                    "Vrbl 5"
                ], 
                [
                    22, 
                    "14:53", 
                    70, 
                    29.98, 
                    "W 8"
                ], 
                [
                    22, 
                    "13:53", 
                    69, 
                    30.0, 
                    "SW 6"
                ], 
                [
                    22, 
                    "12:53", 
                    67, 
                    30.0, 
                    "S 7"
                ], 
                [
                    22, 
                    "11:53", 
                    68, 
                    30.0, 
                    "S 9"
                ], 
                [
                    22, 
                    "10:53", 
                    64, 
                    30.01, 
                    "S 8"
                ], 
                [
                    22, 
                    "9:53", 
                    63, 
                    30.01, 
                    "S 5"
                ], 
                [
                    22, 
                    "8:53", 
                    61, 
                    30.01, 
                    "Calm"
                ], 
                [
                    22, 
                    "7:53", 
                    60, 
                    30.0, 
                    "S 6"
                ], 
                [
                    22, 
                    "6:53", 
                    61, 
                    29.99, 
                    "S 8"
                ], 
                [
                    22, 
                    "5:53", 
                    62, 
                    29.98, 
                    "S 7"
                ], 
                [
                    22, 
                    "4:53", 
                    62, 
                    29.98, 
                    "S 8"
                ], 
                [
                    22, 
                    "3:53", 
                    62, 
                    29.98, 
                    "S 6"
                ], 
                [
                    22, 
                    "2:53", 
                    62, 
                    29.97, 
                    "S 5"
                ], 
                [
                    22, 
                    "1:53", 
                    62, 
                    29.97, 
                    "S 7"
                ], 
                [
                    22, 
                    "0:53", 
                    62, 
                    29.97, 
                    "S 8"
                ], 
                [
                    21, 
                    "23:53", 
                    61, 
                    29.97, 
                    "S 8"
                ], 
                [
                    21, 
                    "22:53", 
                    62, 
                    29.96, 
                    "S 9"
                ], 
                [
                    21, 
                    "21:53", 
                    62, 
                    29.95, 
                    "SW 9"
                ], 
                [
                    21, 
                    "20:53", 
                    64, 
                    29.93, 
                    "SW 12"
                ], 
                [
                    21, 
                    "19:53", 
                    66, 
                    29.9, 
                    "SW 10"
                ], 
                [
                    21, 
                    "18:53", 
                    69, 
                    29.88, 
                    "SW 12"
                ], 
                [
                    21, 
                    "17:53", 
                    74, 
                    29.87, 
                    "S 9"
                ], 
                [
                    21, 
                    "16:53", 
                    75, 
                    29.87, 
                    "SW 10"
                ], 
                [
                    21, 
                    "15:53", 
                    79, 
                    29.87, 
                    "S 12"
                ], 
                [
                    21, 
                    "14:53", 
                    78, 
                    29.87, 
                    "SW 9"
                ]
            ]
        }
    }, 
    "groups": {
        "6286cbae-4a9d-11e5-b670-3c15c2da029e": {
            "alias": [
                "/"
            ], 
            "attributes": [
                {
                    "name": "note", 
                    "shape": {
                        "class": "H5S_SCALAR"
                    }, 
                    "type": {
                        "charSet": "H5T_CSET_ASCII", 
                        "class": "H5T_STRING", 
                        "length": "H5T_VARIABLE", 
                        "strPad": "H5T_STR_NULLTERM"
                    }, 
                    "value": "Seattle, WA Weather observations Sept 21-24, 2014. KSEA station.\nSource: NOAA"
                }
            ], 
            "links": [
                {
                    "class": "H5L_TYPE_HARD", 
                    "collection": "datasets", 
                    "id": "62880ad1-4a9d-11e5-bfb1-3c15c2da029e", 
                    "title": "dset"
                }
            ]
        }
    }, 
    "root": "6286cbae-4a9d-11e5-b670-3c15c2da029e"
}
