{
    "apiVersion": "1.0.0", 
    "datasets": {
        "9c0217dc-83f8-11e5-850c-3c15c2da029e": {
            "alias": [
                "/scale_x"
            ], 
            "creationProperties": {
                "allocTime": "H5D_ALLOC_TIME_LATE", 
                "fillTime": "H5D_FILL_TIME_IFSET", 
                "layout": {
                    "class": "H5D_CONTIGUOUS"
                }
            }, 
            "shape": {
                "class": "H5S_SIMPLE", 
                "dims": [
                    10
                ]
            }, 
            "type": {
                "base": "H5T_IEEE_F64LE", 
                "class": "H5T_FLOAT"
            }, 
            "value": [
                0.0, 
                10000.0, 
                20000.0, 
                30000.0, 
                40000.0, 
                50000.0, 
                60000.0, 
                70000.0, 
                80000.0, 
                90000.0
            ]
        }, 
        "9c022d8a-83f8-11e5-8d8a-3c15c2da029e": {
            "alias": [
                "/scale_y"
            ], 
            "creationProperties": {
                "allocTime": "H5D_ALLOC_TIME_LATE", 
                "fillTime": "H5D_FILL_TIME_IFSET", 
                "layout": {
                    "class": "H5D_CONTIGUOUS"
                }
            }, 
            "shape": {
                "class": "H5S_SIMPLE", 
                "dims": [
                    10
                ]
            }, 
            "type": {
                "base": "H5T_IEEE_F64LE", 
                "class": "H5T_FLOAT"
            }, 
            "value": [
                0.0, 
                10000.0, 
                20000.0, 
                30000.0, 
                40000.0, 
                50000.0, 
                60000.0, 
                70000.0, 
                80000.0, 
                90000.0
            ]
        }, 
        "9c024c97-83f8-11e5-8822-3c15c2da029e": {
            "alias": [
                "/scale_z"
            ], 
            "creationProperties": {
                "allocTime": "H5D_ALLOC_TIME_LATE", 
                "fillTime": "H5D_FILL_TIME_IFSET", 
                "layout": {
                    "class": "H5D_CONTIGUOUS"
                }
            }, 
            "shape": {
                "class": "H5S_SIMPLE", 
                "dims": [
                    10
                ]
            }, 
            "type": {
                "base": "H5T_IEEE_F64LE", 
                "class": "H5T_FLOAT"
            }, 
            "value": [
                0.0, 
                10000.0, 
                20000.0, 
                30000.0, 
                40000.0, 
                50000.0, 
                60000.0, 
                70000.0, 
                80000.0, 
                90000.0
            ]
        }, 
        "9c02628a-83f8-11e5-8710-3c15c2da029e": {
            "alias": [
                "/temperatures"
            ], 
            "creationProperties": {
                "allocTime": "H5D_ALLOC_TIME_LATE", 
                "fillTime": "H5D_FILL_TIME_IFSET", 
                "layout": {
                    "class": "H5D_CONTIGUOUS"
                }
            }, 
            "shape": {
                "class": "H5S_SIMPLE", 
                "dims": [
                    10, 
                    10, 
                    10
                ]
            }, 
            "type": {
                "base": "H5T_IEEE_F32LE", 
                "class": "H5T_FLOAT"
            }, 
            "value": [
                [
                    [
                        0.0, 
                        0.0, 
                        0.0, 
                        0.0, 
                        0.0, 
                        0.0, 
                        0.0, 
                        0.0, 
                        0.0, 
                        0.0
                    ], 
                    [
                        0.0, 
                        0.0, 
                        0.0, 
                        0.0, 
                        0.0, 
                        0.0, 
                        0.0, 
                        0.0, 
                        0.0, 
                        0.0
                    ], 
                    [
                        0.0, 
                        0.0, 
                        0.0, 
                        0.0, 
                        0.0, 
                        0.0, 
                        0.0, 
                        0.0, 
                        0.0, 
                        0.0
                    ], 
                    [
                        0.0, 
                        0.0, 
                        0.0, 
                        0.0, 
                        0.0, 
                        0.0, 
                        0.0, 
                        0.0, 
                        0.0, 
                        0.0
                    ], 
                    [
                        0.0, 
                        0.0, 
                        0.0, 
                        0.0, 
                        0.0, 
                        0.0, 
                        0.0, 
                        0.0, 
                        0.0, 
                        0.0
                    ], 
                    [
                        0.0, 
                        0.0, 
                        0.0, 
                        0.0, 
                        0.0, 
                        0.0, 
                        0.0, 
                        0.0, 
                        0.0, 
                        0.0
                    ], 
                    [
                        0.0, 
                        0.0, 
                        0.0, 
                        0.0, 
                        0.0, 
                        0.0, 
                        0.0, 
                        0.0, 
                        0.0, 
                        0.0
                    ], 
                    [
                        0.0, 
                        0.0, 
                        0.0, 
                        0.0, 
                        0.0, 
                        0.0, 
                        0.0, 
                        0.0, 
                        0.0, 
                        0.0
                    ], 
                    [
                        0.0, 
                        0.0, 
                        0.0, 
                        0.0, 
                        0.0, 
                        0.0, 
                        0.0, 
                        0.0, 
                        0.0, 
                        0.0
                    ], 
                    [
                        0.0, 
                        0.0, 
                        0.0, 
                        0.0, 
                        0.0, 
                        0.0, 
                        0.0, 
                        0.0, 
                        0.0, 
                        0.0
                    ]
                ], 
                [
                    [
                        0.0, 
                        0.0, 
                        0.0, 
                        0.0, 
                        0.0, 
                        0.0, 
                        0.0, 
                        0.0, 
                        0.0, 
                        0.0
                    ], 
                    [
                        0.0, 
                        0.0, 
                        0.0, 
                        0.0, 
                        0.0, 
                        0.0, 
                        0.0, 
                        0.0, 
                        0.0, 
                        0.0
                    ], 
                    [
                        0.0, 
                        0.0, 
                        0.0, 
                        0.0, 
                        0.0, 
                        0.0, 
                        0.0, 
                        0.0, 
                        0.0, 
                        0.0
                    ], 
                    [
                        0.0, 
                        0.0, 
                        0.0, 
                        0.0, 
                        0.0, 
                        0.0, 
                        0.0, 
                        0.0, 
                        0.0, 
                        0.0
                    ], 
                    [
                        0.0, 
                        0.0, 
                        0.0, 
                        0.0, 
                        0.0, 
                        0.0, 
                        0.0, 
                        0.0, 
                        0.0, 
                        0.0
                    ], 
                    [
                        0.0, 
                        0.0, 
                        0.0, 
                        0.0, 
                        0.0, 
                        0.0, 
                        0.0, 
                        0.0, 
                        0.0, 
                        0.0
                    ], 
                    [
                        0.0, 
                        0.0, 
                        0.0, 
                        0.0, 
                        0.0, 
                        0.0, 
                        0.0, 
                        0.0, 
                        0.0, 
                        0.0
                    ], 
                    [
                        0.0, 
                        0.0, 
                        0.0, 
                        0.0, 
                        0.0, 
                        0.0, 
                        0.0, 
                        0.0, 
                        0.0, 
                        0.0
                    ], 
                    [
                        0.0, 
                        0.0, 
                        0.0, 
                        0.0, 
                        0.0, 
                        0.0, 
                        0.0, 
                        0.0, 
                        0.0, 
                        0.0
                    ], 
                    [
                        0.0, 
                        0.0, 
                        0.0, 
                        0.0, 
                        0.0, 
                        0.0, 
                        0.0, 
                        0.0, 
                        0.0, 
                        0.0
                    ]
                ], 
                [
                    [
                        0.0, 
                        0.0, 
                        0.0, 
                        0.0, 
                        0.0, 
                        0.0, 
                        0.0, 
                        0.0, 
                        0.0, 
                        0.0
                    ], 
                    [
                        0.0, 
                        0.0, 
                        0.0, 
                        0.0, 
                        0.0, 
                        0.0, 
                        0.0, 
                        0.0, 
                        0.0, 
                        0.0
                    ], 
                    [
                        0.0, 
                        0.0, 
                        0.0, 
                        0.0, 
                        0.0, 
                        0.0, 
                        0.0, 
                        0.0, 
                        0.0, 
                        0.0
                    ], 
                    [
                        0.0, 
                        0.0, 
                        0.0, 
                        0.0, 
                        0.0, 
                        0.0, 
                        0.0, 
                        0.0, 
                        0.0, 
                        0.0
                    ], 
                    [
                        0.0, 
                        0.0, 
                        0.0, 
                        0.0, 
                        0.0, 
                        0.0, 
                        0.0, 
                        0.0, 
                        0.0, 
                        0.0
                    ], 
                    [
                        0.0, 
                        0.0, 
                        0.0, 
                        0.0, 
                        0.0, 
                        0.0, 
                        0.0, 
                        0.0, 
                        0.0, 
                        0.0
                    ], 
                    [
                        0.0, 
                        0.0, 
                        0.0, 
                        0.0, 
                        0.0, 
                        0.0, 
                        0.0, 
                        0.0, 
                        0.0, 
                        0.0
                    ], 
                    [
                        0.0, 
                        0.0, 
                        0.0, 
                        0.0, 
                        0.0, 
                        0.0, 
                        0.0, 
                        0.0, 
                        0.0, 
                        0.0
                    ], 
                    [
                        0.0, 
                        0.0, 
                        0.0, 
                        0.0, 
                        0.0, 
                        0.0, 
                        0.0, 
                        0.0, 
                        0.0, 
                        0.0
                    ], 
                    [
                        0.0, 
                        0.0, 
                        0.0, 
                        0.0, 
                        0.0, 
                        0.0, 
                        0.0, 
                        0.0, 
                        0.0, 
                        0.0
                    ]
                ], 
                [
                    [
                        0.0, 
                        0.0, 
                        0.0, 
                        0.0, 
                        0.0, 
                        0.0, 
                        0.0, 
                        0.0, 
                        0.0, 
                        0.0
                    ], 
                    [
                        0.0, 
                        0.0, 
                        0.0, 
                        0.0, 
                        0.0, 
                        0.0, 
                        0.0, 
                        0.0, 
                        0.0, 
                        0.0
                    ], 
                    [
                        0.0, 
                        0.0, 
                        0.0, 
                        0.0, 
                        0.0, 
                        0.0, 
                        0.0, 
                        0.0, 
                        0.0, 
                        0.0
                    ], 
                    [
                        0.0, 
                        0.0, 
                        0.0, 
                        0.0, 
                        0.0, 
                        0.0, 
                        0.0, 
                        0.0, 
                        0.0, 
                        0.0
                    ], 
                    [
                        0.0, 
                        0.0, 
                        0.0, 
                        0.0, 
                        0.0, 
                        0.0, 
                        0.0, 
                        0.0, 
                        0.0, 
                        0.0
                    ], 
                    [
                        0.0, 
                        0.0, 
                        0.0, 
                        0.0, 
                        0.0, 
                        0.0, 
                        0.0, 
                        0.0, 
                        0.0, 
                        0.0
                    ], 
                    [
                        0.0, 
                        0.0, 
                        0.0, 
                        0.0, 
                        0.0, 
                        0.0, 
                        0.0, 
                        0.0, 
                        0.0, 
                        0.0
                    ], 
                    [
                        0.0, 
                        0.0, 
                        0.0, 
                        0.0, 
                        0.0, 
                        0.0, 
                        0.0, 
                        0.0, 
                        0.0, 
                        0.0
                    ], 
                    [
                        0.0, 
                        0.0, 
                        0.0, 
                        0.0, 
                        0.0, 
                        0.0, 
                        0.0, 
                        0.0, 
                        0.0, 
                        0.0
                    ], 
                    [
                        0.0, 
                        0.0, 
                        0.0, 
                        0.0, 
                        0.0, 
                        0.0, 
                        0.0, 
                        0.0, 
                        0.0, 
                        0.0
                    ]
                ], 
                [
                    [
                        0.0, 
                        0.0, 
                        0.0, 
                        0.0, 
                        0.0, 
                        0.0, 
                        0.0, 
                        0.0, 
                        0.0, 
                        0.0
                    ], 
                    [
                        0.0, 
                        0.0, 
                        0.0, 
                        0.0, 
                        0.0, 
                        0.0, 
                        0.0, 
                        0.0, 
                        0.0, 
                        0.0
                    ], 
                    [
                        0.0, 
                        0.0, 
                        0.0, 
                        0.0, 
                        0.0, 
                        0.0, 
                        0.0, 
                        0.0, 
                        0.0, 
                        0.0
                    ], 
                    [
                        0.0, 
                        0.0, 
                        0.0, 
                        0.0, 
                        0.0, 
                        0.0, 
                        0.0, 
                        0.0, 
                        0.0, 
                        0.0
                    ], 
                    [
                        0.0, 
                        0.0, 
                        0.0, 
                        0.0, 
                        0.0, 
                        0.0, 
                        0.0, 
                        0.0, 
                        0.0, 
                        0.0
                    ], 
                    [
                        0.0, 
                        0.0, 
                        0.0, 
                        0.0, 
                        0.0, 
                        0.0, 
                        0.0, 
                        0.0, 
                        0.0, 
                        0.0
                    ], 
                    [
                        0.0, 
                        0.0, 
                        0.0, 
                        0.0, 
                        0.0, 
                        0.0, 
                        0.0, 
                        0.0, 
                        0.0, 
                        0.0
                    ], 
                    [
                        0.0, 
                        0.0, 
                        0.0, 
                        0.0, 
                        0.0, 
                        0.0, 
                        0.0, 
                        0.0, 
                        0.0, 
                        0.0
                    ], 
                    [
                        0.0, 
                        0.0, 
                        0.0, 
                        0.0, 
                        0.0, 
                        0.0, 
                        0.0, 
                        0.0, 
                        0.0, 
                        0.0
                    ], 
                    [
                        0.0, 
                        0.0, 
                        0.0, 
                        0.0, 
                        0.0, 
                        0.0, 
                        0.0, 
                        0.0, 
                        0.0, 
                        0.0
                    ]
                ], 
                [
                    [
                        0.0, 
                        0.0, 
                        0.0, 
                        0.0, 
                        0.0, 
                        0.0, 
                        0.0, 
                        0.0, 
                        0.0, 
                        0.0
                    ], 
                    [
                        0.0, 
                        0.0, 
                        0.0, 
                        0.0, 
                        0.0, 
                        0.0, 
                        0.0, 
                        0.0, 
                        0.0, 
                        0.0
                    ], 
                    [
                        0.0, 
                        0.0, 
                        0.0, 
                        0.0, 
                        0.0, 
                        0.0, 
                        0.0, 
                        0.0, 
                        0.0, 
                        0.0
                    ], 
                    [
                        0.0, 
                        0.0, 
                        0.0, 
                        0.0, 
                        0.0, 
                        0.0, 
                        0.0, 
                        0.0, 
                        0.0, 
                        0.0
                    ], 
                    [
                        0.0, 
                        0.0, 
                        0.0, 
                        0.0, 
                        0.0, 
                        0.0, 
                        0.0, 
                        0.0, 
                        0.0, 
                        0.0
                    ], 
                    [
                        0.0, 
                        0.0, 
                        0.0, 
                        0.0, 
                        0.0, 
                        0.0, 
                        0.0, 
                        0.0, 
                        0.0, 
                        0.0
                    ], 
                    [
                        0.0, 
                        0.0, 
                        0.0, 
                        0.0, 
                        0.0, 
                        0.0, 
                        0.0, 
                        0.0, 
                        0.0, 
                        0.0
                    ], 
                    [
                        0.0, 
                        0.0, 
                        0.0, 
                        0.0, 
                        0.0, 
                        0.0, 
                        0.0, 
                        0.0, 
                        0.0, 
                        0.0
                    ], 
                    [
                        0.0, 
                        0.0, 
                        0.0, 
                        0.0, 
                        0.0, 
                        0.0, 
                        0.0, 
                        0.0, 
                        0.0, 
                        0.0
                    ], 
                    [
                        0.0, 
                        0.0, 
                        0.0, 
                        0.0, 
                        0.0, 
                        0.0, 
                        0.0, 
                        0.0, 
                        0.0, 
                        0.0
                    ]
                ], 
                [
                    [
                        0.0, 
                        0.0, 
                        0.0, 
                        0.0, 
                        0.0, 
                        0.0, 
                        0.0, 
                        0.0, 
                        0.0, 
                        0.0
                    ], 
                    [
                        0.0, 
                        0.0, 
                        0.0, 
                        0.0, 
                        0.0, 
                        0.0, 
                        0.0, 
                        0.0, 
                        0.0, 
                        0.0
                    ], 
                    [
                        0.0, 
                        0.0, 
                        0.0, 
                        0.0, 
                        0.0, 
                        0.0, 
                        0.0, 
                        0.0, 
                        0.0, 
                        0.0
                    ], 
                    [
                        0.0, 
                        0.0, 
                        0.0, 
                        0.0, 
                        0.0, 
                        0.0, 
                        0.0, 
                        0.0, 
                        0.0, 
                        0.0
                    ], 
                    [
                        0.0, 
                        0.0, 
                        0.0, 
                        0.0, 
                        0.0, 
                        0.0, 
                        0.0, 
                        0.0, 
                        0.0, 
                        0.0
                    ], 
                    [
                        0.0, 
                        0.0, 
                        0.0, 
                        0.0, 
                        0.0, 
                        0.0, 
                        0.0, 
                        0.0, 
                        0.0, 
                        0.0
                    ], 
                    [
                        0.0, 
                        0.0, 
                        0.0, 
                        0.0, 
                        0.0, 
                        0.0, 
                        0.0, 
                        0.0, 
                        0.0, 
                        0.0
                    ], 
                    [
                        0.0, 
                        0.0, 
                        0.0, 
                        0.0, 
                        0.0, 
                        0.0, 
                        0.0, 
                        0.0, 
                        0.0, 
                        0.0
                    ], 
                    [
                        0.0, 
                        0.0, 
                        0.0, 
                        0.0, 
                        0.0, 
                        0.0, 
                        0.0, 
                        0.0, 
                        0.0, 
                        0.0
                    ], 
                    [
                        0.0, 
                        0.0, 
                        0.0, 
                        0.0, 
                        0.0, 
                        0.0, 
                        0.0, 
                        0.0, 
                        0.0, 
                        0.0
                    ]
                ], 
                [
                    [
                        0.0, 
                        0.0, 
                        0.0, 
                        0.0, 
                        0.0, 
                        0.0, 
                        0.0, 
                        0.0, 
                        0.0, 
                        0.0
                    ], 
                    [
                        0.0, 
                        0.0, 
                        0.0, 
                        0.0, 
                        0.0, 
                        0.0, 
                        0.0, 
                        0.0, 
                        0.0, 
                        0.0
                    ], 
                    [
                        0.0, 
                        0.0, 
                        0.0, 
                        0.0, 
                        0.0, 
                        0.0, 
                        0.0, 
                        0.0, 
                        0.0, 
                        0.0
                    ], 
                    [
                        0.0, 
                        0.0, 
                        0.0, 
                        0.0, 
                        0.0, 
                        0.0, 
                        0.0, 
                        0.0, 
                        0.0, 
                        0.0
                    ], 
                    [
                        0.0, 
                        0.0, 
                        0.0, 
                        0.0, 
                        0.0, 
                        0.0, 
                        0.0, 
                        0.0, 
                        0.0, 
                        0.0
                    ], 
                    [
                        0.0, 
                        0.0, 
                        0.0, 
                        0.0, 
                        0.0, 
                        0.0, 
                        0.0, 
                        0.0, 
                        0.0, 
                        0.0
                    ], 
                    [
                        0.0, 
                        0.0, 
                        0.0, 
                        0.0, 
                        0.0, 
                        0.0, 
                        0.0, 
                        0.0, 
                        0.0, 
                        0.0
                    ], 
                    [
                        0.0, 
                        0.0, 
                        0.0, 
                        0.0, 
                        0.0, 
                        0.0, 
                        0.0, 
                        0.0, 
                        0.0, 
                        0.0
                    ], 
                    [
                        0.0, 
                        0.0, 
                        0.0, 
                        0.0, 
                        0.0, 
                        0.0, 
                        0.0, 
                        0.0, 
                        0.0, 
                        0.0
                    ], 
                    [
                        0.0, 
                        0.0, 
                        0.0, 
                        0.0, 
                        0.0, 
                        0.0, 
                        0.0, 
                        0.0, 
                        0.0, 
                        0.0
                    ]
                ], 
                [
                    [
                        0.0, 
                        0.0, 
                        0.0, 
                        0.0, 
                        0.0, 
                        0.0, 
                        0.0, 
                        0.0, 
                        0.0, 
                        0.0
                    ], 
                    [
                        0.0, 
                        0.0, 
                        0.0, 
                        0.0, 
                        0.0, 
                        0.0, 
                        0.0, 
                        0.0, 
                        0.0, 
                        0.0
                    ], 
                    [
                        0.0, 
                        0.0, 
                        0.0, 
                        0.0, 
                        0.0, 
                        0.0, 
                        0.0, 
                        0.0, 
                        0.0, 
                        0.0
                    ], 
                    [
                        0.0, 
                        0.0, 
                        0.0, 
                        0.0, 
                        0.0, 
                        0.0, 
                        0.0, 
                        0.0, 
                        0.0, 
                        0.0
                    ], 
                    [
                        0.0, 
                        0.0, 
                        0.0, 
                        0.0, 
                        0.0, 
                        0.0, 
                        0.0, 
                        0.0, 
                        0.0, 
                        0.0
                    ], 
                    [
                        0.0, 
                        0.0, 
                        0.0, 
                        0.0, 
                        0.0, 
                        0.0, 
                        0.0, 
                        0.0, 
                        0.0, 
                        0.0
                    ], 
                    [
                        0.0, 
                        0.0, 
                        0.0, 
                        0.0, 
                        0.0, 
                        0.0, 
                        0.0, 
                        0.0, 
                        0.0, 
                        0.0
                    ], 
                    [
                        0.0, 
                        0.0, 
                        0.0, 
                        0.0, 
                        0.0, 
                        0.0, 
                        0.0, 
                        0.0, 
                        0.0, 
                        0.0
                    ], 
                    [
                        0.0, 
                        0.0, 
                        0.0, 
                        0.0, 
                        0.0, 
                        0.0, 
                        0.0, 
                        0.0, 
                        0.0, 
                        0.0
                    ], 
                    [
                        0.0, 
                        0.0, 
                        0.0, 
                        0.0, 
                        0.0, 
                        0.0, 
                        0.0, 
                        0.0, 
                        0.0, 
                        0.0
                    ]
                ], 
                [
                    [
                        0.0, 
                        0.0, 
                        0.0, 
                        0.0, 
                        0.0, 
                        0.0, 
                        0.0, 
                        0.0, 
                        0.0, 
                        0.0
                    ], 
                    [
                        0.0, 
                        0.0, 
                        0.0, 
                        0.0, 
                        0.0, 
                        0.0, 
                        0.0, 
                        0.0, 
                        0.0, 
                        0.0
                    ], 
                    [
                        0.0, 
                        0.0, 
                        0.0, 
                        0.0, 
                        0.0, 
                        0.0, 
                        0.0, 
                        0.0, 
                        0.0, 
                        0.0
                    ], 
                    [
                        0.0, 
                        0.0, 
                        0.0, 
                        0.0, 
                        0.0, 
                        0.0, 
                        0.0, 
                        0.0, 
                        0.0, 
                        0.0
                    ], 
                    [
                        0.0, 
                        0.0, 
                        0.0, 
                        0.0, 
                        0.0, 
                        0.0, 
                        0.0, 
                        0.0, 
                        0.0, 
                        0.0
                    ], 
                    [
                        0.0, 
                        0.0, 
                        0.0, 
                        0.0, 
                        0.0, 
                        0.0, 
                        0.0, 
                        0.0, 
                        0.0, 
                        0.0
                    ], 
                    [
                        0.0, 
                        0.0, 
                        0.0, 
                        0.0, 
                        0.0, 
                        0.0, 
                        0.0, 
                        0.0, 
                        0.0, 
                        0.0
                    ], 
                    [
                        0.0, 
                        0.0, 
                        0.0, 
                        0.0, 
                        0.0, 
                        0.0, 
                        0.0, 
                        0.0, 
                        0.0, 
                        0.0
                    ], 
                    [
                        0.0, 
                        0.0, 
                        0.0, 
                        0.0, 
                        0.0, 
                        0.0, 
                        0.0, 
                        0.0, 
                        0.0, 
                        0.0
                    ], 
                    [
                        0.0, 
                        0.0, 
                        0.0, 
                        0.0, 
                        0.0, 
                        0.0, 
                        0.0, 
                        0.0, 
                        0.0, 
                        0.0
                    ]
                ]
            ]
        }
    }, 
    "groups": {
        "9c00fcba-83f8-11e5-8998-3c15c2da029e": {
            "alias": [
                "/"
            ], 
            "links": [
                {
                    "class": "H5L_TYPE_HARD", 
                    "collection": "datasets", 
                    "id": "9c0217dc-83f8-11e5-850c-3c15c2da029e", 
                    "title": "scale_x"
                }, 
                {
                    "class": "H5L_TYPE_HARD", 
                    "collection": "datasets", 
                    "id": "9c022d8a-83f8-11e5-8d8a-3c15c2da029e", 
                    "title": "scale_y"
                }, 
                {
                    "class": "H5L_TYPE_HARD", 
                    "collection": "datasets", 
                    "id": "9c024c97-83f8-11e5-8822-3c15c2da029e", 
                    "title": "scale_z"
                }, 
                {
                    "class": "H5L_TYPE_HARD", 
                    "collection": "datasets", 
                    "id": "9c02628a-83f8-11e5-8710-3c15c2da029e", 
                    "title": "temperatures"
                }
            ]
        }
    }, 
    "root": "9c00fcba-83f8-11e5-8998-3c15c2da029e"
}
