{
    "apiVersion": "1.0.0", 
    "datasets": {
        "9be37cbd-83f8-11e5-aa16-3c15c2da029e": {
            "alias": [
                "/scale_x"
            ], 
            "attributes": [
                {
                    "name": "CLASS", 
                    "shape": {
                        "class": "H5S_SCALAR"
                    }, 
                    "type": {
                        "charSet": "H5T_CSET_ASCII", 
                        "class": "H5T_STRING", 
                        "length": 16, 
                        "strPad": "H5T_STR_NULLPAD"
                    }, 
                    "value": "DIMENSION_SCALE"
                }, 
                {
                    "name": "NAME", 
                    "shape": {
                        "class": "H5S_SCALAR"
                    }, 
                    "type": {
                        "charSet": "H5T_CSET_ASCII", 
                        "class": "H5T_STRING", 
                        "length": 26, 
                        "strPad": "H5T_STR_NULLPAD"
                    }, 
                    "value": "Simulation X (North) axis"
                }, 
                {
                    "name": "REFERENCE_LIST", 
                    "shape": {
                        "class": "H5S_SIMPLE", 
                        "dims": [
                            1
                        ]
                    }, 
                    "type": {
                        "class": "H5T_COMPOUND", 
                        "fields": [
                            {
                                "name": "dataset", 
                                "type": {
                                    "base": "H5T_STD_REF_OBJ", 
                                    "class": "H5T_REFERENCE"
                                }
                            }, 
                            {
                                "name": "dimension", 
                                "type": {
                                    "base": "H5T_STD_I32LE", 
                                    "class": "H5T_INTEGER"
                                }
                            }
                        ]
                    }, 
                    "value": [
                        [
                            "datasets/9be3c323-83f8-11e5-bc8e-3c15c2da029e", 
                            0
                        ]
                    ]
                }
            ], 
            "creationProperties": {
                "allocTime": "H5D_ALLOC_TIME_LATE", 
                "fillTime": "H5D_FILL_TIME_IFSET", 
                "layout": {
                    "class": "H5D_CONTIGUOUS"
                }
            }, 
            "shape": {
                "class": "H5S_SIMPLE", 
                "dims": [
                    10
                ]
            }, 
            "type": {
                "base": "H5T_IEEE_F64LE", 
                "class": "H5T_FLOAT"
            }, 
            "value": [
                0.0, 
                10000.0, 
                20000.0, 
                30000.0, 
                40000.0, 
                50000.0, 
                60000.0, 
                70000.0, 
                80000.0, 
                90000.0
            ]
        }, 
        "9be3965e-83f8-11e5-94d9-3c15c2da029e": {
            "alias": [
                "/scale_y"
            ], 
            "attributes": [
                {
                    "name": "CLASS", 
                    "shape": {
                        "class": "H5S_SCALAR"
                    }, 
                    "type": {
                        "charSet": "H5T_CSET_ASCII", 
                        "class": "H5T_STRING", 
                        "length": 16, 
                        "strPad": "H5T_STR_NULLPAD"
                    }, 
                    "value": "DIMENSION_SCALE"
                }, 
                {
                    "name": "NAME", 
                    "shape": {
                        "class": "H5S_SCALAR"
                    }, 
                    "type": {
                        "charSet": "H5T_CSET_ASCII", 
                        "class": "H5T_STRING", 
                        "length": 25, 
                        "strPad": "H5T_STR_NULLPAD"
                    }, 
                    "value": "Simulation Y (East) axis"
                }, 
                {
                    "name": "REFERENCE_LIST", 
                    "shape": {
                        "class": "H5S_SIMPLE", 
                        "dims": [
                            1
                        ]
                    }, 
                    "type": {
                        "class": "H5T_COMPOUND", 
                        "fields": [
                            {
                                "name": "dataset", 
                                "type": {
                                    "base": "H5T_STD_REF_OBJ", 
                                    "class": "H5T_REFERENCE"
                                }
                            }, 
                            {
                                "name": "dimension", 
                                "type": {
                                    "base": "H5T_STD_I32LE", 
                                    "class": "H5T_INTEGER"
                                }
                            }
                        ]
                    }, 
                    "value": [
                        [
                            "datasets/9be3c323-83f8-11e5-bc8e-3c15c2da029e", 
                            1
                        ]
                    ]
                }
            ], 
            "creationProperties": {
                "allocTime": "H5D_ALLOC_TIME_LATE", 
                "fillTime": "H5D_FILL_TIME_IFSET", 
                "layout": {
                    "class": "H5D_CONTIGUOUS"
                }
            }, 
            "shape": {
                "class": "H5S_SIMPLE", 
                "dims": [
                    10
                ]
            }, 
            "type": {
                "base": "H5T_IEEE_F64LE", 
                "class": "H5T_FLOAT"
            }, 
            "value": [
                0.0, 
                10000.0, 
                20000.0, 
                30000.0, 
                40000.0, 
                50000.0, 
                60000.0, 
                70000.0, 
                80000.0, 
                90000.0
            ]
        }, 
        "9be3ae14-83f8-11e5-bfda-3c15c2da029e": {
            "alias": [
                "/scale_z"
            ], 
            "attributes": [
                {
                    "name": "CLASS", 
                    "shape": {
                        "class": "H5S_SCALAR"
                    }, 
                    "type": {
                        "charSet": "H5T_CSET_ASCII", 
                        "class": "H5T_STRING", 
                        "length": 16, 
                        "strPad": "H5T_STR_NULLPAD"
                    }, 
                    "value": "DIMENSION_SCALE"
                }, 
                {
                    "name": "NAME", 
                    "shape": {
                        "class": "H5S_SCALAR"
                    }, 
                    "type": {
                        "charSet": "H5T_CSET_ASCII", 
                        "class": "H5T_STRING", 
                        "length": 29, 
                        "strPad": "H5T_STR_NULLPAD"
                    }, 
                    "value": "Simulation Z (Vertical) axis"
                }, 
                {
                    "name": "REFERENCE_LIST", 
                    "shape": {
                        "class": "H5S_SIMPLE", 
                        "dims": [
                            1
                        ]
                    }, 
                    "type": {
                        "class": "H5T_COMPOUND", 
                        "fields": [
                            {
                                "name": "dataset", 
                                "type": {
                                    "base": "H5T_STD_REF_OBJ", 
                                    "class": "H5T_REFERENCE"
                                }
                            }, 
                            {
                                "name": "dimension", 
                                "type": {
                                    "base": "H5T_STD_I32LE", 
                                    "class": "H5T_INTEGER"
                                }
                            }
                        ]
                    }, 
                    "value": [
                        [
                            "datasets/9be3c323-83f8-11e5-bc8e-3c15c2da029e", 
                            2
                        ]
                    ]
                }
            ], 
            "creationProperties": {
                "allocTime": "H5D_ALLOC_TIME_LATE", 
                "fillTime": "H5D_FILL_TIME_IFSET", 
                "layout": {
                    "class": "H5D_CONTIGUOUS"
                }
            }, 
            "shape": {
                "class": "H5S_SIMPLE", 
                "dims": [
                    10
                ]
            }, 
            "type": {
                "base": "H5T_IEEE_F64LE", 
                "class": "H5T_FLOAT"
            }, 
            "value": [
                0.0, 
                10000.0, 
                20000.0, 
                30000.0, 
                40000.0, 
                50000.0, 
                60000.0, 
                70000.0, 
                80000.0, 
                90000.0
            ]
        }, 
        "9be3c323-83f8-11e5-bc8e-3c15c2da029e": {
            "alias": [
                "/temperatures"
            ], 
            "attributes": [
                {
                    "name": "temp_units", 
                    "shape": {
                        "class": "H5S_SCALAR"
                    }, 
                    "type": {
                        "charSet": "H5T_CSET_ASCII", 
                        "class": "H5T_STRING", 
                        "length": "H5T_VARIABLE", 
                        "strPad": "H5T_STR_NULLTERM"
                    }, 
                    "value": "C"
                }, 
                {
                    "name": "DIMENSION_LIST", 
                    "shape": {
                        "class": "H5S_SIMPLE", 
                        "dims": [
                            3
                        ]
                    }, 
                    "type": {
                        "base": {
                            "base": "H5T_STD_REF_OBJ", 
                            "class": "H5T_REFERENCE"
                        }, 
                        "class": "H5T_VLEN"
                    }, 
                    "value": [
                        [
                            "datasets/9be37cbd-83f8-11e5-aa16-3c15c2da029e"
                        ], 
                        [
                            "datasets/9be3965e-83f8-11e5-94d9-3c15c2da029e"
                        ], 
                        [
                            "datasets/9be3ae14-83f8-11e5-bfda-3c15c2da029e"
                        ]
                    ]
                }
            ], 
            "creationProperties": {
                "allocTime": "H5D_ALLOC_TIME_LATE", 
                "fillTime": "H5D_FILL_TIME_IFSET", 
                "layout": {
                    "class": "H5D_CONTIGUOUS"
                }
            }, 
            "shape": {
                "class": "H5S_SIMPLE", 
                "dims": [
                    10, 
                    10, 
                    10
                ]
            }, 
            "type": {
                "base": "H5T_IEEE_F32LE", 
                "class": "H5T_FLOAT"
            }, 
            "value": [
                [
                    [
                        0.0, 
                        0.0, 
                        0.0, 
                        0.0, 
                        0.0, 
                        0.0, 
                        0.0, 
                        0.0, 
                        0.0, 
                        0.0
                    ], 
                    [
                        0.0, 
                        0.0, 
                        0.0, 
                        0.0, 
                        0.0, 
                        0.0, 
                        0.0, 
                        0.0, 
                        0.0, 
                        0.0
                    ], 
                    [
                        0.0, 
                        0.0, 
                        0.0, 
                        0.0, 
                        0.0, 
                        0.0, 
                        0.0, 
                        0.0, 
                        0.0, 
                        0.0
                    ], 
                    [
                        0.0, 
                        0.0, 
                        0.0, 
                        0.0, 
                        0.0, 
                        0.0, 
                        0.0, 
                        0.0, 
                        0.0, 
                        0.0
                    ], 
                    [
                        0.0, 
                        0.0, 
                        0.0, 
                        0.0, 
                        0.0, 
                        0.0, 
                        0.0, 
                        0.0, 
                        0.0, 
                        0.0
                    ], 
                    [
                        0.0, 
                        0.0, 
                        0.0, 
                        0.0, 
                        0.0, 
                        0.0, 
                        0.0, 
                        0.0, 
                        0.0, 
                        0.0
                    ], 
                    [
                        0.0, 
                        0.0, 
                        0.0, 
                        0.0, 
                        0.0, 
                        0.0, 
                        0.0, 
                        0.0, 
                        0.0, 
                        0.0
                    ], 
                    [
                        0.0, 
                        0.0, 
                        0.0, 
                        0.0, 
                        0.0, 
                        0.0, 
                        0.0, 
                        0.0, 
                        0.0, 
                        0.0
                    ], 
                    [
                        0.0, 
                        0.0, 
                        0.0, 
                        0.0, 
                        0.0, 
                        0.0, 
                        0.0, 
                        0.0, 
                        0.0, 
                        0.0
                    ], 
                    [
                        0.0, 
                        0.0, 
                        0.0, 
                        0.0, 
                        0.0, 
                        0.0, 
                        0.0, 
                        0.0, 
                        0.0, 
                        0.0
                    ]
                ], 
                [
                    [
                        0.0, 
                        0.0, 
                        0.0, 
                        0.0, 
                        0.0, 
                        0.0, 
                        0.0, 
                        0.0, 
                        0.0, 
                        0.0
                    ], 
                    [
                        0.0, 
                        0.0, 
                        0.0, 
                        0.0, 
                        0.0, 
                        0.0, 
                        0.0, 
                        0.0, 
                        0.0, 
                        0.0
                    ], 
                    [
                        0.0, 
                        0.0, 
                        0.0, 
                        0.0, 
                        0.0, 
                        0.0, 
                        0.0, 
                        0.0, 
                        0.0, 
                        0.0
                    ], 
                    [
                        0.0, 
                        0.0, 
                        0.0, 
                        0.0, 
                        0.0, 
                        0.0, 
                        0.0, 
                        0.0, 
                        0.0, 
                        0.0
                    ], 
                    [
                        0.0, 
                        0.0, 
                        0.0, 
                        0.0, 
                        0.0, 
                        0.0, 
                        0.0, 
                        0.0, 
                        0.0, 
                        0.0
                    ], 
                    [
                        0.0, 
                        0.0, 
                        0.0, 
                        0.0, 
                        0.0, 
                        0.0, 
                        0.0, 
                        0.0, 
                        0.0, 
                        0.0
                    ], 
                    [
                        0.0, 
                        0.0, 
                        0.0, 
                        0.0, 
                        0.0, 
                        0.0, 
                        0.0, 
                        0.0, 
                        0.0, 
                        0.0
                    ], 
                    [
                        0.0, 
                        0.0, 
                        0.0, 
                        0.0, 
                        0.0, 
                        0.0, 
                        0.0, 
                        0.0, 
                        0.0, 
                        0.0
                    ], 
                    [
                        0.0, 
                        0.0, 
                        0.0, 
                        0.0, 
                        0.0, 
                        0.0, 
                        0.0, 
                        0.0, 
                        0.0, 
                        0.0
                    ], 
                    [
                        0.0, 
                        0.0, 
                        0.0, 
                        0.0, 
                        0.0, 
                        0.0, 
                        0.0, 
                        0.0, 
                        0.0, 
                        0.0
                    ]
                ], 
                [
                    [
                        0.0, 
                        0.0, 
                        0.0, 
                        0.0, 
                        0.0, 
                        0.0, 
                        0.0, 
                        0.0, 
                        0.0, 
                        0.0
                    ], 
                    [
                        0.0, 
                        0.0, 
                        0.0, 
                        0.0, 
                        0.0, 
                        0.0, 
                        0.0, 
                        0.0, 
                        0.0, 
                        0.0
                    ], 
                    [
                        0.0, 
                        0.0, 
                        0.0, 
                        0.0, 
                        0.0, 
                        0.0, 
                        0.0, 
                        0.0, 
                        0.0, 
                        0.0
                    ], 
                    [
                        0.0, 
                        0.0, 
                        0.0, 
                        0.0, 
                        0.0, 
                        0.0, 
                        0.0, 
                        0.0, 
                        0.0, 
                        0.0
                    ], 
                    [
                        0.0, 
                        0.0, 
                        0.0, 
                        0.0, 
                        0.0, 
                        0.0, 
                        0.0, 
                        0.0, 
                        0.0, 
                        0.0
                    ], 
                    [
                        0.0, 
                        0.0, 
                        0.0, 
                        0.0, 
                        0.0, 
                        0.0, 
                        0.0, 
                        0.0, 
                        0.0, 
                        0.0
                    ], 
                    [
                        0.0, 
                        0.0, 
                        0.0, 
                        0.0, 
                        0.0, 
                        0.0, 
                        0.0, 
                        0.0, 
                        0.0, 
                        0.0
                    ], 
                    [
                        0.0, 
                        0.0, 
                        0.0, 
                        0.0, 
                        0.0, 
                        0.0, 
                        0.0, 
                        0.0, 
                        0.0, 
                        0.0
                    ], 
                    [
                        0.0, 
                        0.0, 
                        0.0, 
                        0.0, 
                        0.0, 
                        0.0, 
                        0.0, 
                        0.0, 
                        0.0, 
                        0.0
                    ], 
                    [
                        0.0, 
                        0.0, 
                        0.0, 
                        0.0, 
                        0.0, 
                        0.0, 
                        0.0, 
                        0.0, 
                        0.0, 
                        0.0
                    ]
                ], 
                [
                    [
                        0.0, 
                        0.0, 
                        0.0, 
                        0.0, 
                        0.0, 
                        0.0, 
                        0.0, 
                        0.0, 
                        0.0, 
                        0.0
                    ], 
                    [
                        0.0, 
                        0.0, 
                        0.0, 
                        0.0, 
                        0.0, 
                        0.0, 
                        0.0, 
                        0.0, 
                        0.0, 
                        0.0
                    ], 
                    [
                        0.0, 
                        0.0, 
                        0.0, 
                        0.0, 
                        0.0, 
                        0.0, 
                        0.0, 
                        0.0, 
                        0.0, 
                        0.0
                    ], 
                    [
                        0.0, 
                        0.0, 
                        0.0, 
                        0.0, 
                        0.0, 
                        0.0, 
                        0.0, 
                        0.0, 
                        0.0, 
                        0.0
                    ], 
                    [
                        0.0, 
                        0.0, 
                        0.0, 
                        0.0, 
                        0.0, 
                        0.0, 
                        0.0, 
                        0.0, 
                        0.0, 
                        0.0
                    ], 
                    [
                        0.0, 
                        0.0, 
                        0.0, 
                        0.0, 
                        0.0, 
                        0.0, 
                        0.0, 
                        0.0, 
                        0.0, 
                        0.0
                    ], 
                    [
                        0.0, 
                        0.0, 
                        0.0, 
                        0.0, 
                        0.0, 
                        0.0, 
                        0.0, 
                        0.0, 
                        0.0, 
                        0.0
                    ], 
                    [
                        0.0, 
                        0.0, 
                        0.0, 
                        0.0, 
                        0.0, 
                        0.0, 
                        0.0, 
                        0.0, 
                        0.0, 
                        0.0
                    ], 
                    [
                        0.0, 
                        0.0, 
                        0.0, 
                        0.0, 
                        0.0, 
                        0.0, 
                        0.0, 
                        0.0, 
                        0.0, 
                        0.0
                    ], 
                    [
                        0.0, 
                        0.0, 
                        0.0, 
                        0.0, 
                        0.0, 
                        0.0, 
                        0.0, 
                        0.0, 
                        0.0, 
                        0.0
                    ]
                ], 
                [
                    [
                        0.0, 
                        0.0, 
                        0.0, 
                        0.0, 
                        0.0, 
                        0.0, 
                        0.0, 
                        0.0, 
                        0.0, 
                        0.0
                    ], 
                    [
                        0.0, 
                        0.0, 
                        0.0, 
                        0.0, 
                        0.0, 
                        0.0, 
                        0.0, 
                        0.0, 
                        0.0, 
                        0.0
                    ], 
                    [
                        0.0, 
                        0.0, 
                        0.0, 
                        0.0, 
                        0.0, 
                        0.0, 
                        0.0, 
                        0.0, 
                        0.0, 
                        0.0
                    ], 
                    [
                        0.0, 
                        0.0, 
                        0.0, 
                        0.0, 
                        0.0, 
                        0.0, 
                        0.0, 
                        0.0, 
                        0.0, 
                        0.0
                    ], 
                    [
                        0.0, 
                        0.0, 
                        0.0, 
                        0.0, 
                        0.0, 
                        0.0, 
                        0.0, 
                        0.0, 
                        0.0, 
                        0.0
                    ], 
                    [
                        0.0, 
                        0.0, 
                        0.0, 
                        0.0, 
                        0.0, 
                        0.0, 
                        0.0, 
                        0.0, 
                        0.0, 
                        0.0
                    ], 
                    [
                        0.0, 
                        0.0, 
                        0.0, 
                        0.0, 
                        0.0, 
                        0.0, 
                        0.0, 
                        0.0, 
                        0.0, 
                        0.0
                    ], 
                    [
                        0.0, 
                        0.0, 
                        0.0, 
                        0.0, 
                        0.0, 
                        0.0, 
                        0.0, 
                        0.0, 
                        0.0, 
                        0.0
                    ], 
                    [
                        0.0, 
                        0.0, 
                        0.0, 
                        0.0, 
                        0.0, 
                        0.0, 
                        0.0, 
                        0.0, 
                        0.0, 
                        0.0
                    ], 
                    [
                        0.0, 
                        0.0, 
                        0.0, 
                        0.0, 
                        0.0, 
                        0.0, 
                        0.0, 
                        0.0, 
                        0.0, 
                        0.0
                    ]
                ], 
                [
                    [
                        0.0, 
                        0.0, 
                        0.0, 
                        0.0, 
                        0.0, 
                        0.0, 
                        0.0, 
                        0.0, 
                        0.0, 
                        0.0
                    ], 
                    [
                        0.0, 
                        0.0, 
                        0.0, 
                        0.0, 
                        0.0, 
                        0.0, 
                        0.0, 
                        0.0, 
                        0.0, 
                        0.0
                    ], 
                    [
                        0.0, 
                        0.0, 
                        0.0, 
                        0.0, 
                        0.0, 
                        0.0, 
                        0.0, 
                        0.0, 
                        0.0, 
                        0.0
                    ], 
                    [
                        0.0, 
                        0.0, 
                        0.0, 
                        0.0, 
                        0.0, 
                        0.0, 
                        0.0, 
                        0.0, 
                        0.0, 
                        0.0
                    ], 
                    [
                        0.0, 
                        0.0, 
                        0.0, 
                        0.0, 
                        0.0, 
                        0.0, 
                        0.0, 
                        0.0, 
                        0.0, 
                        0.0
                    ], 
                    [
                        0.0, 
                        0.0, 
                        0.0, 
                        0.0, 
                        0.0, 
                        0.0, 
                        0.0, 
                        0.0, 
                        0.0, 
                        0.0
                    ], 
                    [
                        0.0, 
                        0.0, 
                        0.0, 
                        0.0, 
                        0.0, 
                        0.0, 
                        0.0, 
                        0.0, 
                        0.0, 
                        0.0
                    ], 
                    [
                        0.0, 
                        0.0, 
                        0.0, 
                        0.0, 
                        0.0, 
                        0.0, 
                        0.0, 
                        0.0, 
                        0.0, 
                        0.0
                    ], 
                    [
                        0.0, 
                        0.0, 
                        0.0, 
                        0.0, 
                        0.0, 
                        0.0, 
                        0.0, 
                        0.0, 
                        0.0, 
                        0.0
                    ], 
                    [
                        0.0, 
                        0.0, 
                        0.0, 
                        0.0, 
                        0.0, 
                        0.0, 
                        0.0, 
                        0.0, 
                        0.0, 
                        0.0
                    ]
                ], 
                [
                    [
                        0.0, 
                        0.0, 
                        0.0, 
                        0.0, 
                        0.0, 
                        0.0, 
                        0.0, 
                        0.0, 
                        0.0, 
                        0.0
                    ], 
                    [
                        0.0, 
                        0.0, 
                        0.0, 
                        0.0, 
                        0.0, 
                        0.0, 
                        0.0, 
                        0.0, 
                        0.0, 
                        0.0
                    ], 
                    [
                        0.0, 
                        0.0, 
                        0.0, 
                        0.0, 
                        0.0, 
                        0.0, 
                        0.0, 
                        0.0, 
                        0.0, 
                        0.0
                    ], 
                    [
                        0.0, 
                        0.0, 
                        0.0, 
                        0.0, 
                        0.0, 
                        0.0, 
                        0.0, 
                        0.0, 
                        0.0, 
                        0.0
                    ], 
                    [
                        0.0, 
                        0.0, 
                        0.0, 
                        0.0, 
                        0.0, 
                        0.0, 
                        0.0, 
                        0.0, 
                        0.0, 
                        0.0
                    ], 
                    [
                        0.0, 
                        0.0, 
                        0.0, 
                        0.0, 
                        0.0, 
                        0.0, 
                        0.0, 
                        0.0, 
                        0.0, 
                        0.0
                    ], 
                    [
                        0.0, 
                        0.0, 
                        0.0, 
                        0.0, 
                        0.0, 
                        0.0, 
                        0.0, 
                        0.0, 
                        0.0, 
                        0.0
                    ], 
                    [
                        0.0, 
                        0.0, 
                        0.0, 
                        0.0, 
                        0.0, 
                        0.0, 
                        0.0, 
                        0.0, 
                        0.0, 
                        0.0
                    ], 
                    [
                        0.0, 
                        0.0, 
                        0.0, 
                        0.0, 
                        0.0, 
                        0.0, 
                        0.0, 
                        0.0, 
                        0.0, 
                        0.0
                    ], 
                    [
                        0.0, 
                        0.0, 
                        0.0, 
                        0.0, 
                        0.0, 
                        0.0, 
                        0.0, 
                        0.0, 
                        0.0, 
                        0.0
                    ]
                ], 
                [
                    [
                        0.0, 
                        0.0, 
                        0.0, 
                        0.0, 
                        0.0, 
                        0.0, 
                        0.0, 
                        0.0, 
                        0.0, 
                        0.0
                    ], 
                    [
                        0.0, 
                        0.0, 
                        0.0, 
                        0.0, 
                        0.0, 
                        0.0, 
                        0.0, 
                        0.0, 
                        0.0, 
                        0.0
                    ], 
                    [
                        0.0, 
                        0.0, 
                        0.0, 
                        0.0, 
                        0.0, 
                        0.0, 
                        0.0, 
                        0.0, 
                        0.0, 
                        0.0
                    ], 
                    [
                        0.0, 
                        0.0, 
                        0.0, 
                        0.0, 
                        0.0, 
                        0.0, 
                        0.0, 
                        0.0, 
                        0.0, 
                        0.0
                    ], 
                    [
                        0.0, 
                        0.0, 
                        0.0, 
                        0.0, 
                        0.0, 
                        0.0, 
                        0.0, 
                        0.0, 
                        0.0, 
                        0.0
                    ], 
                    [
                        0.0, 
                        0.0, 
                        0.0, 
                        0.0, 
                        0.0, 
                        0.0, 
                        0.0, 
                        0.0, 
                        0.0, 
                        0.0
                    ], 
                    [
                        0.0, 
                        0.0, 
                        0.0, 
                        0.0, 
                        0.0, 
                        0.0, 
                        0.0, 
                        0.0, 
                        0.0, 
                        0.0
                    ], 
                    [
                        0.0, 
                        0.0, 
                        0.0, 
                        0.0, 
                        0.0, 
                        0.0, 
                        0.0, 
                        0.0, 
                        0.0, 
                        0.0
                    ], 
                    [
                        0.0, 
                        0.0, 
                        0.0, 
                        0.0, 
                        0.0, 
                        0.0, 
                        0.0, 
                        0.0, 
                        0.0, 
                        0.0
                    ], 
                    [
                        0.0, 
                        0.0, 
                        0.0, 
                        0.0, 
                        0.0, 
                        0.0, 
                        0.0, 
                        0.0, 
                        0.0, 
                        0.0
                    ]
                ], 
                [
                    [
                        0.0, 
                        0.0, 
                        0.0, 
                        0.0, 
                        0.0, 
                        0.0, 
                        0.0, 
                        0.0, 
                        0.0, 
                        0.0
                    ], 
                    [
                        0.0, 
                        0.0, 
                        0.0, 
                        0.0, 
                        0.0, 
                        0.0, 
                        0.0, 
                        0.0, 
                        0.0, 
                        0.0
                    ], 
                    [
                        0.0, 
                        0.0, 
                        0.0, 
                        0.0, 
                        0.0, 
                        0.0, 
                        0.0, 
                        0.0, 
                        0.0, 
                        0.0
                    ], 
                    [
                        0.0, 
                        0.0, 
                        0.0, 
                        0.0, 
                        0.0, 
                        0.0, 
                        0.0, 
                        0.0, 
                        0.0, 
                        0.0
                    ], 
                    [
                        0.0, 
                        0.0, 
                        0.0, 
                        0.0, 
                        0.0, 
                        0.0, 
                        0.0, 
                        0.0, 
                        0.0, 
                        0.0
                    ], 
                    [
                        0.0, 
                        0.0, 
                        0.0, 
                        0.0, 
                        0.0, 
                        0.0, 
                        0.0, 
                        0.0, 
                        0.0, 
                        0.0
                    ], 
                    [
                        0.0, 
                        0.0, 
                        0.0, 
                        0.0, 
                        0.0, 
                        0.0, 
                        0.0, 
                        0.0, 
                        0.0, 
                        0.0
                    ], 
                    [
                        0.0, 
                        0.0, 
                        0.0, 
                        0.0, 
                        0.0, 
                        0.0, 
                        0.0, 
                        0.0, 
                        0.0, 
                        0.0
                    ], 
                    [
                        0.0, 
                        0.0, 
                        0.0, 
                        0.0, 
                        0.0, 
                        0.0, 
                        0.0, 
                        0.0, 
                        0.0, 
                        0.0
                    ], 
                    [
                        0.0, 
                        0.0, 
                        0.0, 
                        0.0, 
                        0.0, 
                        0.0, 
                        0.0, 
                        0.0, 
                        0.0, 
                        0.0
                    ]
                ], 
                [
                    [
                        0.0, 
                        0.0, 
                        0.0, 
                        0.0, 
                        0.0, 
                        0.0, 
                        0.0, 
                        0.0, 
                        0.0, 
                        0.0
                    ], 
                    [
                        0.0, 
                        0.0, 
                        0.0, 
                        0.0, 
                        0.0, 
                        0.0, 
                        0.0, 
                        0.0, 
                        0.0, 
                        0.0
                    ], 
                    [
                        0.0, 
                        0.0, 
                        0.0, 
                        0.0, 
                        0.0, 
                        0.0, 
                        0.0, 
                        0.0, 
                        0.0, 
                        0.0
                    ], 
                    [
                        0.0, 
                        0.0, 
                        0.0, 
                        0.0, 
                        0.0, 
                        0.0, 
                        0.0, 
                        0.0, 
                        0.0, 
                        0.0
                    ], 
                    [
                        0.0, 
                        0.0, 
                        0.0, 
                        0.0, 
                        0.0, 
                        0.0, 
                        0.0, 
                        0.0, 
                        0.0, 
                        0.0
                    ], 
                    [
                        0.0, 
                        0.0, 
                        0.0, 
                        0.0, 
                        0.0, 
                        0.0, 
                        0.0, 
                        0.0, 
                        0.0, 
                        0.0
                    ], 
                    [
                        0.0, 
                        0.0, 
                        0.0, 
                        0.0, 
                        0.0, 
                        0.0, 
                        0.0, 
                        0.0, 
                        0.0, 
                        0.0
                    ], 
                    [
                        0.0, 
                        0.0, 
                        0.0, 
                        0.0, 
                        0.0, 
                        0.0, 
                        0.0, 
                        0.0, 
                        0.0, 
                        0.0
                    ], 
                    [
                        0.0, 
                        0.0, 
                        0.0, 
                        0.0, 
                        0.0, 
                        0.0, 
                        0.0, 
                        0.0, 
                        0.0, 
                        0.0
                    ], 
                    [
                        0.0, 
                        0.0, 
                        0.0, 
                        0.0, 
                        0.0, 
                        0.0, 
                        0.0, 
                        0.0, 
                        0.0, 
                        0.0
                    ]
                ]
            ]
        }
    }, 
    "groups": {
        "9be21933-83f8-11e5-b39c-3c15c2da029e": {
            "alias": [
                "/"
            ], 
            "links": [
                {
                    "class": "H5L_TYPE_HARD", 
                    "collection": "datasets", 
                    "id": "9be37cbd-83f8-11e5-aa16-3c15c2da029e", 
                    "title": "scale_x"
                }, 
                {
                    "class": "H5L_TYPE_HARD", 
                    "collection": "datasets", 
                    "id": "9be3965e-83f8-11e5-94d9-3c15c2da029e", 
                    "title": "scale_y"
                }, 
                {
                    "class": "H5L_TYPE_HARD", 
                    "collection": "datasets", 
                    "id": "9be3ae14-83f8-11e5-bfda-3c15c2da029e", 
                    "title": "scale_z"
                }, 
                {
                    "class": "H5L_TYPE_HARD", 
                    "collection": "datasets", 
                    "id": "9be3c323-83f8-11e5-bc8e-3c15c2da029e", 
                    "title": "temperatures"
                }
            ]
        }
    }, 
    "root": "9be21933-83f8-11e5-b39c-3c15c2da029e"
}
