{
    "apiVersion": "1.0.0", 
    "datasets": {
        "9fc0cf75-83f8-11e5-b514-3c15c2da029e": {
            "alias": [
                "/dset"
            ], 
            "creationProperties": {
                "allocTime": "H5D_ALLOC_TIME_LATE", 
                "fillTime": "H5D_FILL_TIME_IFSET", 
                "fillValue": 42, 
                "layout": {
                    "class": "H5D_CONTIGUOUS"
                }
            }, 
            "shape": {
                "class": "H5S_SIMPLE", 
                "dims": [
                    10, 
                    10
                ]
            }, 
            "type": {
                "base": "H5T_STD_I32LE", 
                "class": "H5T_INTEGER"
            }, 
            "value": [
                [
                    24, 
                    42, 
                    42, 
                    42, 
                    42, 
                    42, 
                    42, 
                    42, 
                    42, 
                    42
                ], 
                [
                    42, 
                    24, 
                    42, 
                    42, 
                    42, 
                    42, 
                    42, 
                    42, 
                    42, 
                    42
                ], 
                [
                    42, 
                    42, 
                    24, 
                    42, 
                    42, 
                    42, 
                    42, 
                    42, 
                    42, 
                    42
                ], 
                [
                    42, 
                    42, 
                    42, 
                    24, 
                    42, 
                    42, 
                    42, 
                    42, 
                    42, 
                    42
                ], 
                [
                    42, 
                    42, 
                    42, 
                    42, 
                    24, 
                    42, 
                    42, 
                    42, 
                    42, 
                    42
                ], 
                [
                    42, 
                    42, 
                    42, 
                    42, 
                    42, 
                    24, 
                    42, 
                    42, 
                    42, 
                    42
                ], 
                [
                    42, 
                    42, 
                    42, 
                    42, 
                    42, 
                    42, 
                    24, 
                    42, 
                    42, 
                    42
                ], 
                [
                    42, 
                    42, 
                    42, 
                    42, 
                    42, 
                    42, 
                    42, 
                    24, 
                    42, 
                    42
                ], 
                [
                    42, 
                    42, 
                    42, 
                    42, 
                    42, 
                    42, 
                    42, 
                    42, 
                    24, 
                    42
                ], 
                [
                    42, 
                    42, 
                    42, 
                    42, 
                    42, 
                    42, 
                    42, 
                    42, 
                    42, 
                    24
                ]
            ]
        }
    }, 
    "groups": {
        "9fbf5e28-83f8-11e5-8029-3c15c2da029e": {
            "alias": [
                "/"
            ], 
            "links": [
                {
                    "class": "H5L_TYPE_HARD", 
                    "collection": "datasets", 
                    "id": "9fc0cf75-83f8-11e5-b514-3c15c2da029e", 
                    "title": "dset"
                }
            ]
        }
    }, 
    "root": "9fbf5e28-83f8-11e5-8029-3c15c2da029e"
}
