{
    "apiVersion": "1.0.0", 
    "datasets": {
        "a07b2cd4-83f8-11e5-b9c6-3c15c2da029e": {
            "alias": [
                "/DS1"
            ], 
            "creationProperties": {
                "allocTime": "H5D_ALLOC_TIME_EARLY", 
                "fillTime": "H5D_FILL_TIME_IFSET", 
                "fillValue": 99, 
                "layout": {
                    "class": "H5D_CHUNKED", 
                    "dims": [
                        4, 
                        4
                    ]
                }
            }, 
            "shape": {
                "class": "H5S_SIMPLE", 
                "dims": [
                    6, 
                    10
                ], 
                "maxdims": [
                    "H5S_UNLIMITED", 
                    "H5S_UNLIMITED"
                ]
            }, 
            "type": {
                "base": "H5T_STD_I32LE", 
                "class": "H5T_INTEGER"
            }, 
            "value": [
                [
                    0, 
                    -1, 
                    -2, 
                    -3, 
                    -4, 
                    -5, 
                    -6, 
                    99, 
                    99, 
                    99
                ], 
                [
                    0, 
                    0, 
                    0, 
                    0, 
                    0, 
                    0, 
                    0, 
                    99, 
                    99, 
                    99
                ], 
                [
                    0, 
                    1, 
                    2, 
                    3, 
                    4, 
                    5, 
                    6, 
                    99, 
                    99, 
                    99
                ], 
                [
                    0, 
                    2, 
                    4, 
                    6, 
                    8, 
                    10, 
                    12, 
                    99, 
                    99, 
                    99
                ], 
                [
                    99, 
                    99, 
                    99, 
                    99, 
                    99, 
                    99, 
                    99, 
                    99, 
                    99, 
                    99
                ], 
                [
                    99, 
                    99, 
                    99, 
                    99, 
                    99, 
                    99, 
                    99, 
                    99, 
                    99, 
                    99
                ]
            ]
        }
    }, 
    "groups": {
        "a079ea0f-83f8-11e5-9cd6-3c15c2da029e": {
            "alias": [
                "/"
            ], 
            "links": [
                {
                    "class": "H5L_TYPE_HARD", 
                    "collection": "datasets", 
                    "id": "a07b2cd4-83f8-11e5-b9c6-3c15c2da029e", 
                    "title": "DS1"
                }
            ]
        }
    }, 
    "root": "a079ea0f-83f8-11e5-9cd6-3c15c2da029e"
}
