{
    "apiVersion": "1.0.0", 
    "datasets": {
        "a061ee19-83f8-11e5-99d8-3c15c2da029e": {
            "alias": [
                "/DS1"
            ], 
            "creationProperties": {
                "allocTime": "H5D_ALLOC_TIME_EARLY", 
                "fillTime": "H5D_FILL_TIME_IFSET", 
                "layout": {
                    "class": "H5D_COMPACT"
                }
            }, 
            "shape": {
                "class": "H5S_SIMPLE", 
                "dims": [
                    4, 
                    7
                ]
            }, 
            "type": {
                "base": "H5T_STD_I32LE", 
                "class": "H5T_INTEGER"
            }, 
            "value": [
                [
                    0, 
                    -1, 
                    -2, 
                    -3, 
                    -4, 
                    -5, 
                    -6
                ], 
                [
                    0, 
                    0, 
                    0, 
                    0, 
                    0, 
                    0, 
                    0
                ], 
                [
                    0, 
                    1, 
                    2, 
                    3, 
                    4, 
                    5, 
                    6
                ], 
                [
                    0, 
                    2, 
                    4, 
                    6, 
                    8, 
                    10, 
                    12
                ]
            ]
        }
    }, 
    "groups": {
        "a060bdcc-83f8-11e5-8668-3c15c2da029e": {
            "alias": [
                "/"
            ], 
            "links": [
                {
                    "class": "H5L_TYPE_HARD", 
                    "collection": "datasets", 
                    "id": "a061ee19-83f8-11e5-99d8-3c15c2da029e", 
                    "title": "DS1"
                }
            ]
        }
    }, 
    "root": "a060bdcc-83f8-11e5-8668-3c15c2da029e"
}
