{
    "apiVersion": "1.0.0",
    "datasets": {
        "a121fd68-83f8-11e5-badf-3c15c2da029e": {
            "alias": [
                "/DS1"
            ],
            "creationProperties": {
                "allocTime": "H5D_ALLOC_TIME_INCR",
                "fillTime": "H5D_FILL_TIME_IFSET",
                "filters": [
                    {
                        "class": "H5Z_FILTER_SCALEOFFSET",
                        "id": 6,
                        "scaleOffset": 2,
                        "scaleType": "H5Z_SO_FLOAT_DSCALE"
                    }
                ],
                "layout": {
                    "class": "H5D_CHUNKED",
                    "dims": [
                        4,
                        8
                    ]
                }
            },
            "shape": {
                "class": "H5S_SIMPLE",
                "dims": [
                    32,
                    64
                ]
            },
            "type": {
                "base": "H5T_IEEE_F64LE",
                "class": "H5T_FLOAT"
            },
            "value": [
                [
                    3.329230769230769,
                    1.7692307692307692,
                    2.439230769230769,
                    3.2992307692307694,
                    4.229230769230769,
                    5.189230769230769,
                    6.159230769230769,
                    7.139230769230769,
                    8.120481927710843,
                    9.110481927710843,
                    10.100481927710844,
                    11.090481927710844,
                    12.080481927710842,
                    13.070481927710844,
                    14.070481927710844,
                    15.060481927710843,
                    16.061349693251532,
                    17.061349693251532,
                    18.05134969325153,
                    19.05134969325153,
                    20.05134969325153,
                    21.05134969325153,
                    22.041349693251533,
                    23.041349693251533,
                    24.041152263374485,
                    25.041152263374485,
                    26.041152263374485,
                    27.041152263374485,
                    28.031152263374487,
                    29.031152263374487,
                    30.031152263374487,
                    31.031152263374487,
                    32.030959752321984,
                    33.030959752321984,
                    34.030959752321984,
                    35.030959752321984,
                    36.030959752321984,
                    37.030959752321984,
                    38.030959752321984,
                    39.020959752321986,
                    40.02481389578164,
                    41.02481389578164,
                    42.02481389578164,
                    43.02481389578164,
                    44.02481389578164,
                    45.02481389578164,
                    46.02481389578164,
                    47.02481389578164,
                    48.02070393374741,
                    49.02070393374741,
                    50.02070393374741,
                    51.02070393374741,
                    52.02070393374741,
                    53.02070393374741,
                    54.02070393374741,
                    55.02070393374741,
                    56.01776198934281,
                    57.01776198934281,
                    58.01776198934281,
                    59.01776198934281,
                    60.01776198934281,
                    61.01776198934281,
                    62.01776198934281,
                    63.01776198934281
                ],
                [
                    6.6692307692307695,
                    2.539230769230769,
                    2.8692307692307693,
                    3.609230769230769,
                    4.469230769230769,
                    5.3792307692307695,
                    6.319230769230769,
                    7.269230769230769,
                    8.240481927710842,
                    9.210481927710843,
                    10.190481927710843,
                    11.180481927710844,
                    12.160481927710844,
                    13.150481927710842,
                    14.140481927710843,
                    15.130481927710843,
                    16.12134969325153,
                    17.111349693251533,
                    18.111349693251533,
                    19.10134969325153,
                    20.10134969325153,
                    21.091349693251534,
                    22.091349693251534,
                    23.081349693251532,
                    24.081152263374484,
                    25.081152263374484,
                    26.071152263374486,
                    27.071152263374486,
                    28.071152263374486,
                    29.071152263374486,
                    30.061152263374485,
                    31.061152263374485,
                    32.060959752321985,
                    33.060959752321985,
                    34.060959752321985,
                    35.060959752321985,
                    36.05095975232199,
                    37.05095975232199,
                    38.05095975232199,
                    39.05095975232199,
                    40.044813895781644,
                    41.044813895781644,
                    42.044813895781644,
                    43.044813895781644,
                    44.044813895781644,
                    45.044813895781644,
                    46.044813895781644,
                    47.044813895781644,
                    48.040703933747416,
                    49.040703933747416,
                    50.040703933747416,
                    51.040703933747416,
                    52.04070393374741,
                    53.04070393374741,
                    54.04070393374741,
                    55.04070393374741,
                    56.03776198934281,
                    57.03776198934281,
                    58.03776198934281,
                    59.03776198934281,
                    60.03776198934281,
                    61.02776198934281,
                    62.02776198934281,
                    63.02776198934281
                ],
                [
                    9.99923076923077,
                    3.309230769230769,
                    3.309230769230769,
                    3.9092307692307693,
                    4.69923076923077,
                    5.569230769230769,
                    6.479230769230769,
                    7.409230769230769,
                    8.360481927710843,
                    9.320481927710842,
                    10.290481927710843,
                    11.270481927710843,
                    12.240481927710842,
                    13.230481927710844,
                    14.210481927710843,
                    15.200481927710843,
                    16.181349693251533,
                    17.171349693251532,
                    18.161349693251534,
                    19.151349693251532,
                    20.151349693251532,
                    21.141349693251534,
                    22.131349693251533,
                    23.131349693251533,
                    24.121152263374483,
                    25.121152263374483,
                    26.111152263374485,
                    27.111152263374485,
                    28.101152263374484,
                    29.101152263374484,
                    30.101152263374484,
                    31.091152263374486,
                    32.090959752321986,
                    33.090959752321986,
                    34.090959752321986,
                    35.08095975232198,
                    36.08095975232198,
                    37.08095975232198,
                    38.08095975232198,
                    39.08095975232198,
                    40.07481389578164,
                    41.07481389578164,
                    42.07481389578164,
                    43.06481389578164,
                    44.06481389578164,
                    45.06481389578164,
                    46.06481389578164,
                    47.06481389578164,
                    48.06070393374741,
                    49.06070393374741,
                    50.06070393374741,
                    51.06070393374741,
                    52.06070393374741,
                    53.06070393374741,
                    54.050703933747414,
                    55.050703933747414,
                    56.05776198934281,
                    57.04776198934281,
                    58.04776198934281,
                    59.04776198934281,
                    60.04776198934281,
                    61.04776198934281,
                    62.04776198934281,
                    63.04776198934281
                ],
                [
                    13.329230769230769,
                    4.079230769230769,
                    3.739230769230769,
                    4.2092307692307696,
                    4.929230769230769,
                    5.759230769230769,
                    6.639230769230769,
                    7.549230769230769,
                    8.480481927710843,
                    9.430481927710844,
                    10.390481927710843,
                    11.350481927710844,
                    12.320481927710844,
                    13.300481927710843,
                    14.280481927710843,
                    15.260481927710842,
                    16.241349693251532,
                    17.23134969325153,
                    18.221349693251533,
                    19.21134969325153,
                    20.201349693251533,
                    21.19134969325153,
                    22.181349693251533,
                    23.171349693251532,
                    24.161152263374486,
                    25.161152263374486,
                    26.151152263374485,
                    27.151152263374485,
                    28.141152263374487,
                    29.141152263374487,
                    30.131152263374485,
                    31.131152263374485,
                    32.12095975232199,
                    33.12095975232199,
                    34.12095975232198,
                    35.11095975232198,
                    36.11095975232198,
                    37.11095975232198,
                    38.100959752321984,
                    39.100959752321984,
                    40.09481389578164,
                    41.09481389578164,
                    42.09481389578164,
                    43.09481389578164,
                    44.09481389578164,
                    45.08481389578164,
                    46.08481389578164,
                    47.08481389578164,
                    48.080703933747415,
                    49.080703933747415,
                    50.080703933747415,
                    51.080703933747415,
                    52.080703933747415,
                    53.07070393374741,
                    54.07070393374741,
                    55.07070393374741,
                    56.067761989342806,
                    57.067761989342806,
                    58.067761989342806,
                    59.067761989342806,
                    60.067761989342806,
                    61.067761989342806,
                    62.067761989342806,
                    63.067761989342806
                ],
                [
                    16.66391304347826,
                    4.843913043478261,
                    4.173913043478261,
                    4.513913043478261,
                    5.163913043478261,
                    5.943913043478261,
                    6.793913043478261,
                    7.6839130434782605,
                    8.602409638554217,
                    9.542409638554217,
                    10.482409638554216,
                    11.442409638554217,
                    12.402409638554218,
                    13.372409638554217,
                    14.352409638554217,
                    15.322409638554216,
                    16.30674846625767,
                    17.28674846625767,
                    18.27674846625767,
                    19.25674846625767,
                    20.24674846625767,
                    21.23674846625767,
                    22.226748466257668,
                    23.21674846625767,
                    24.20576131687243,
                    25.195761316872428,
                    26.18576131687243,
                    27.18576131687243,
                    28.17576131687243,
                    29.16576131687243,
                    30.16576131687243,
                    31.15576131687243,
                    32.154798761609904,
                    33.154798761609904,
                    34.144798761609906,
                    35.144798761609906,
                    36.1347987616099,
                    37.1347987616099,
                    38.1347987616099,
                    39.1247987616099,
                    40.12406947890819,
                    41.12406947890819,
                    42.11406947890819,
                    43.11406947890819,
                    44.11406947890819,
                    45.11406947890819,
                    46.10406947890819,
                    47.10406947890819,
                    48.10351966873706,
                    49.10351966873706,
                    50.10351966873706,
                    51.09351966873706,
                    52.09351966873706,
                    53.09351966873706,
                    54.09351966873706,
                    55.09351966873706,
                    56.08880994671403,
                    57.08880994671403,
                    58.08880994671403,
                    59.08880994671403,
                    60.07880994671403,
                    61.07880994671403,
                    62.07880994671403,
                    63.07880994671403
                ],
                [
                    20.00391304347826,
                    5.613913043478261,
                    4.6039130434782605,
                    4.81391304347826,
                    5.3939130434782605,
                    6.133913043478261,
                    6.953913043478261,
                    7.82391304347826,
                    8.722409638554216,
                    9.642409638554216,
                    10.582409638554218,
                    11.532409638554217,
                    12.492409638554218,
                    13.452409638554217,
                    14.422409638554218,
                    15.392409638554216,
                    16.36674846625767,
                    17.34674846625767,
                    18.32674846625767,
                    19.30674846625767,
                    20.296748466257668,
                    21.27674846625767,
                    22.26674846625767,
                    23.25674846625767,
                    24.24576131687243,
                    25.23576131687243,
                    26.22576131687243,
                    27.21576131687243,
                    28.21576131687243,
                    29.20576131687243,
                    30.195761316872428,
                    31.195761316872428,
                    32.184798761609905,
                    33.184798761609905,
                    34.17479876160991,
                    35.17479876160991,
                    36.1647987616099,
                    37.1647987616099,
                    38.154798761609904,
                    39.154798761609904,
                    40.14406947890819,
                    41.14406947890819,
                    42.14406947890819,
                    43.13406947890819,
                    44.13406947890819,
                    45.13406947890819,
                    46.13406947890819,
                    47.12406947890819,
                    48.12351966873706,
                    49.12351966873706,
                    50.12351966873706,
                    51.113519668737055,
                    52.113519668737055,
                    53.113519668737055,
                    54.113519668737055,
                    55.10351966873706,
                    56.10880994671403,
                    57.10880994671403,
                    58.09880994671403,
                    59.09880994671403,
                    60.09880994671403,
                    61.09880994671403,
                    62.09880994671403,
                    63.09880994671403
                ],
                [
                    23.333913043478262,
                    6.383913043478261,
                    5.043913043478261,
                    5.123913043478261,
                    5.623913043478261,
                    6.32391304347826,
                    7.113913043478261,
                    7.953913043478261,
                    8.842409638554217,
                    9.752409638554218,
                    10.682409638554217,
                    11.622409638554217,
                    12.572409638554218,
                    13.522409638554217,
                    14.492409638554218,
                    15.462409638554217,
                    16.42674846625767,
                    17.40674846625767,
                    18.38674846625767,
                    19.36674846625767,
                    20.34674846625767,
                    21.32674846625767,
                    22.31674846625767,
                    23.296748466257668,
                    24.285761316872428,
                    25.27576131687243,
                    26.265761316872428,
                    27.25576131687243,
                    28.24576131687243,
                    29.23576131687243,
                    30.23576131687243,
                    31.22576131687243,
                    32.214798761609906,
                    33.214798761609906,
                    34.2047987616099,
                    35.1947987616099,
                    36.1947987616099,
                    37.184798761609905,
                    38.184798761609905,
                    39.17479876160991,
                    40.17406947890819,
                    41.17406947890819,
                    42.16406947890819,
                    43.16406947890819,
                    44.15406947890819,
                    45.15406947890819,
                    46.15406947890819,
                    47.14406947890819,
                    48.143519668737056,
                    49.143519668737056,
                    50.143519668737056,
                    51.13351966873706,
                    52.13351966873706,
                    53.13351966873706,
                    54.13351966873706,
                    55.12351966873706,
                    56.12880994671403,
                    57.11880994671403,
                    58.11880994671403,
                    59.11880994671403,
                    60.11880994671403,
                    61.11880994671403,
                    62.10880994671403,
                    63.10880994671403
                ],
                [
                    26.66391304347826,
                    7.15391304347826,
                    5.473913043478261,
                    5.423913043478261,
                    5.863913043478261,
                    6.513913043478261,
                    7.273913043478261,
                    8.09391304347826,
                    8.962409638554217,
                    9.862409638554217,
                    10.772409638554217,
                    11.712409638554217,
                    12.652409638554218,
                    13.602409638554217,
                    14.562409638554218,
                    15.522409638554217,
                    16.48674846625767,
                    17.46674846625767,
                    18.43674846625767,
                    19.41674846625767,
                    20.39674846625767,
                    21.37674846625767,
                    22.35674846625767,
                    23.34674846625767,
                    24.32576131687243,
                    25.31576131687243,
                    26.30576131687243,
                    27.29576131687243,
                    28.28576131687243,
                    29.27576131687243,
                    30.265761316872428,
                    31.25576131687243,
                    32.24479876160991,
                    33.24479876160991,
                    34.2347987616099,
                    35.224798761609904,
                    36.224798761609904,
                    37.214798761609906,
                    38.2047987616099,
                    39.2047987616099,
                    40.19406947890819,
                    41.19406947890819,
                    42.19406947890819,
                    43.18406947890819,
                    44.18406947890819,
                    45.17406947890819,
                    46.17406947890819,
                    47.17406947890819,
                    48.16351966873706,
                    49.16351966873706,
                    50.16351966873706,
                    51.153519668737054,
                    52.153519668737054,
                    53.153519668737054,
                    54.143519668737056,
                    55.143519668737056,
                    56.13880994671403,
                    57.13880994671403,
                    58.13880994671403,
                    59.13880994671403,
                    60.12880994671403,
                    61.12880994671403,
                    62.12880994671403,
                    63.12880994671403
                ],
                [
                    29.997272727272726,
                    7.927272727272728,
                    5.917272727272728,
                    5.7272727272727275,
                    6.097272727272728,
                    6.697272727272727,
                    7.427272727272728,
                    8.237272727272728,
                    9.08433734939759,
                    9.96433734939759,
                    10.874337349397589,
                    11.79433734939759,
                    12.73433734939759,
                    13.67433734939759,
                    14.63433734939759,
                    15.58433734939759,
                    16.552147239263803,
                    17.522147239263802,
                    18.492147239263804,
                    19.462147239263803,
                    20.442147239263804,
                    21.422147239263804,
                    22.402147239263805,
                    23.3821472392638,
                    24.37037037037037,
                    25.36037037037037,
                    26.34037037037037,
                    27.33037037037037,
                    28.32037037037037,
                    29.31037037037037,
                    30.30037037037037,
                    31.29037037037037,
                    32.27863777089783,
                    33.26863777089783,
                    34.25863777089783,
                    35.25863777089783,
                    36.24863777089783,
                    37.23863777089783,
                    38.23863777089783,
                    39.22863777089783,
                    40.22332506203474,
                    41.21332506203474,
                    42.21332506203474,
                    43.203325062034736,
                    44.203325062034736,
                    45.203325062034736,
                    46.19332506203474,
                    47.19332506203474,
                    48.18633540372671,
                    49.18633540372671,
                    50.17633540372671,
                    51.17633540372671,
                    52.17633540372671,
                    53.166335403726706,
                    54.166335403726706,
                    55.166335403726706,
                    56.15985790408526,
                    57.15985790408526,
                    58.14985790408526,
                    59.14985790408526,
                    60.14985790408526,
                    61.14985790408526,
                    62.13985790408526,
                    63.13985790408526
                ],
                [
                    33.337272727272726,
                    8.697272727272727,
                    6.347272727272728,
                    6.027272727272727,
                    6.327272727272727,
                    6.887272727272728,
                    7.587272727272728,
                    8.367272727272727,
                    9.204337349397589,
                    10.07433734939759,
                    10.97433734939759,
                    11.88433734939759,
                    12.81433734939759,
                    13.75433734939759,
                    14.694337349397589,
                    15.65433734939759,
                    16.612147239263802,
                    17.582147239263804,
                    18.5421472392638,
                    19.522147239263802,
                    20.492147239263804,
                    21.472147239263805,
                    22.4521472392638,
                    23.432147239263802,
                    24.41037037037037,
                    25.39037037037037,
                    26.380370370370372,
                    27.37037037037037,
                    28.35037037037037,
                    29.34037037037037,
                    30.33037037037037,
                    31.32037037037037,
                    32.30863777089783,
                    33.298637770897834,
                    34.28863777089783,
                    35.27863777089783,
                    36.27863777089783,
                    37.26863777089783,
                    38.258637770897835,
                    39.258637770897835,
                    40.24332506203474,
                    41.24332506203474,
                    42.23332506203474,
                    43.23332506203474,
                    44.22332506203474,
                    45.22332506203474,
                    46.21332506203474,
                    47.21332506203474,
                    48.20633540372671,
                    49.20633540372671,
                    50.19633540372671,
                    51.19633540372671,
                    52.18633540372671,
                    53.18633540372671,
                    54.18633540372671,
                    55.17633540372671,
                    56.17985790408526,
                    57.169857904085255,
                    58.169857904085255,
                    59.169857904085255,
                    60.169857904085255,
                    61.15985790408526,
                    62.15985790408526,
                    63.15985790408526
                ],
                [
                    36.66727272727273,
                    9.457272727272727,
                    6.787272727272727,
                    6.337272727272728,
                    6.557272727272728,
                    7.077272727272728,
                    7.747272727272728,
                    8.507272727272728,
                    9.32433734939759,
                    10.18433734939759,
                    11.06433734939759,
                    11.97433734939759,
                    12.89433734939759,
                    13.82433734939759,
                    14.76433734939759,
                    15.714337349397589,
                    16.672147239263804,
                    17.6321472392638,
                    18.602147239263804,
                    19.572147239263803,
                    20.542147239263805,
                    21.512147239263804,
                    22.492147239263804,
                    23.472147239263805,
                    24.45037037037037,
                    25.43037037037037,
                    26.42037037037037,
                    27.40037037037037,
                    28.39037037037037,
                    29.380370370370372,
                    30.36037037037037,
                    31.35037037037037,
                    32.33863777089783,
                    33.32863777089783,
                    34.31863777089783,
                    35.30863777089783,
                    36.29863777089783,
                    37.29863777089783,
                    38.28863777089783,
                    39.27863777089783,
                    40.273325062034736,
                    41.26332506203474,
                    42.26332506203474,
                    43.25332506203474,
                    44.24332506203474,
                    45.24332506203474,
                    46.23332506203474,
                    47.23332506203474,
                    48.22633540372671,
                    49.22633540372671,
                    50.21633540372671,
                    51.21633540372671,
                    52.20633540372671,
                    53.20633540372671,
                    54.20633540372671,
                    55.19633540372671,
                    56.199857904085256,
                    57.18985790408526,
                    58.18985790408526,
                    59.18985790408526,
                    60.17985790408525,
                    61.17985790408525,
                    62.17985790408525,
                    63.169857904085255
                ],
                [
                    39.99727272727273,
                    10.227272727272727,
                    7.217272727272728,
                    6.637272727272728,
                    6.787272727272727,
                    7.2672727272727276,
                    7.907272727272728,
                    8.647272727272728,
                    9.444337349397589,
                    10.29433734939759,
                    11.16433734939759,
                    12.06433734939759,
                    12.97433734939759,
                    13.90433734939759,
                    14.83433734939759,
                    15.784337349397589,
                    16.732147239263803,
                    17.692147239263804,
                    18.652147239263805,
                    19.622147239263803,
                    20.592147239263802,
                    21.5621472392638,
                    22.542147239263805,
                    23.512147239263804,
                    24.49037037037037,
                    25.47037037037037,
                    26.46037037037037,
                    27.44037037037037,
                    28.42037037037037,
                    29.41037037037037,
                    30.40037037037037,
                    31.380370370370372,
                    32.368637770897834,
                    33.35863777089783,
                    34.34863777089783,
                    35.33863777089783,
                    36.32863777089783,
                    37.31863777089783,
                    38.30863777089783,
                    39.30863777089783,
                    40.29332506203474,
                    41.29332506203474,
                    42.28332506203474,
                    43.273325062034736,
                    44.273325062034736,
                    45.26332506203474,
                    46.26332506203474,
                    47.25332506203474,
                    48.24633540372671,
                    49.24633540372671,
                    50.236335403726706,
                    51.236335403726706,
                    52.22633540372671,
                    53.22633540372671,
                    54.21633540372671,
                    55.21633540372671,
                    56.209857904085254,
                    57.209857904085254,
                    58.209857904085254,
                    59.199857904085256,
                    60.199857904085256,
                    61.199857904085256,
                    62.18985790408526,
                    63.18985790408526
                ],
                [
                    43.32939393939394,
                    10.99939393939394,
                    7.649393939393939,
                    6.9393939393939394,
                    7.0193939393939395,
                    7.449393939393939,
                    8.059393939393939,
                    8.77939393939394,
                    9.566265060240964,
                    10.396265060240964,
                    11.266265060240963,
                    12.146265060240964,
                    13.056265060240964,
                    13.976265060240964,
                    14.906265060240964,
                    15.846265060240963,
                    16.79754601226994,
                    17.74754601226994,
                    18.70754601226994,
                    19.67754601226994,
                    20.63754601226994,
                    21.60754601226994,
                    22.58754601226994,
                    23.55754601226994,
                    24.53497942386831,
                    25.51497942386831,
                    26.494979423868312,
                    27.474979423868312,
                    28.45497942386831,
                    29.44497942386831,
                    30.42497942386831,
                    31.41497942386831,
                    32.40247678018576,
                    33.39247678018576,
                    34.382476780185755,
                    35.37247678018576,
                    36.36247678018576,
                    37.35247678018576,
                    38.342476780185756,
                    39.33247678018576,
                    40.32258064516129,
                    41.31258064516129,
                    42.302580645161285,
                    43.302580645161285,
                    44.29258064516129,
                    45.28258064516129,
                    46.28258064516129,
                    47.27258064516129,
                    48.26915113871635,
                    49.259151138716355,
                    50.259151138716355,
                    51.24915113871635,
                    52.24915113871635,
                    53.23915113871635,
                    54.23915113871635,
                    55.23915113871635,
                    56.230905861456485,
                    57.230905861456485,
                    58.22090586145649,
                    59.22090586145649,
                    60.21090586145648,
                    61.21090586145648,
                    62.21090586145648,
                    63.200905861456484
                ],
                [
                    46.669393939393935,
                    11.76939393939394,
                    8.08939393939394,
                    7.239393939393939,
                    7.25939393939394,
                    7.63939393939394,
                    8.219393939393939,
                    8.91939393939394,
                    9.686265060240963,
                    10.506265060240963,
                    11.356265060240965,
                    12.236265060240964,
                    13.136265060240964,
                    14.056265060240964,
                    14.976265060240964,
                    15.916265060240963,
                    16.85754601226994,
                    17.807546012269942,
                    18.76754601226994,
                    19.72754601226994,
                    20.68754601226994,
                    21.65754601226994,
                    22.62754601226994,
                    23.59754601226994,
                    24.57497942386831,
                    25.55497942386831,
                    26.53497942386831,
                    27.51497942386831,
                    28.494979423868312,
                    29.474979423868312,
                    30.46497942386831,
                    31.44497942386831,
                    32.43247678018576,
                    33.42247678018576,
                    34.412476780185756,
                    35.39247678018576,
                    36.382476780185755,
                    37.37247678018576,
                    38.36247678018576,
                    39.35247678018576,
                    40.34258064516129,
                    41.34258064516129,
                    42.332580645161286,
                    43.32258064516129,
                    44.31258064516129,
                    45.31258064516129,
                    46.302580645161285,
                    47.29258064516129,
                    48.289151138716356,
                    49.27915113871635,
                    50.27915113871635,
                    51.26915113871635,
                    52.26915113871635,
                    53.259151138716355,
                    54.259151138716355,
                    55.24915113871636,
                    56.25090586145649,
                    57.24090586145648,
                    58.24090586145648,
                    59.24090586145648,
                    60.230905861456485,
                    61.230905861456485,
                    62.22090586145649,
                    63.22090586145649
                ],
                [
                    49.99939393939394,
                    12.539393939393939,
                    8.51939393939394,
                    7.54939393939394,
                    7.489393939393939,
                    7.829393939393939,
                    8.379393939393939,
                    9.059393939393939,
                    9.806265060240964,
                    10.616265060240965,
                    11.456265060240964,
                    12.326265060240964,
                    13.216265060240964,
                    14.126265060240964,
                    15.046265060240964,
                    15.976265060240964,
                    16.91754601226994,
                    17.86754601226994,
                    18.81754601226994,
                    19.77754601226994,
                    20.73754601226994,
                    21.70754601226994,
                    22.67754601226994,
                    23.64754601226994,
                    24.61497942386831,
                    25.59497942386831,
                    26.57497942386831,
                    27.544979423868313,
                    28.53497942386831,
                    29.51497942386831,
                    30.494979423868312,
                    31.474979423868312,
                    32.46247678018576,
                    33.452476780185755,
                    34.43247678018576,
                    35.42247678018576,
                    36.412476780185756,
                    37.40247678018576,
                    38.39247678018576,
                    39.382476780185755,
                    40.372580645161285,
                    41.36258064516129,
                    42.35258064516129,
                    43.34258064516129,
                    44.34258064516129,
                    45.332580645161286,
                    46.32258064516129,
                    47.31258064516129,
                    48.30915113871635,
                    49.30915113871635,
                    50.299151138716354,
                    51.289151138716356,
                    52.28915113871635,
                    53.27915113871635,
                    54.27915113871635,
                    55.26915113871635,
                    56.270905861456484,
                    57.260905861456486,
                    58.260905861456486,
                    59.25090586145649,
                    60.25090586145649,
                    61.24090586145648,
                    62.24090586145648,
                    63.24090586145648
                ],
                [
                    53.32939393939394,
                    13.309393939393939,
                    8.959393939393939,
                    7.84939393939394,
                    7.71939393939394,
                    8.01939393939394,
                    8.539393939393939,
                    9.18939393939394,
                    9.926265060240963,
                    10.716265060240964,
                    11.556265060240964,
                    12.416265060240963,
                    13.296265060240964,
                    14.206265060240963,
                    15.116265060240963,
                    16.046265060240962,
                    16.97754601226994,
                    17.92754601226994,
                    18.87754601226994,
                    19.82754601226994,
                    20.787546012269942,
                    21.74754601226994,
                    22.717546012269942,
                    23.68754601226994,
                    24.654979423868312,
                    25.634979423868312,
                    26.60497942386831,
                    27.58497942386831,
                    28.564979423868312,
                    29.544979423868313,
                    30.52497942386831,
                    31.51497942386831,
                    32.49247678018576,
                    33.482476780185756,
                    34.46247678018576,
                    35.452476780185755,
                    36.44247678018576,
                    37.43247678018576,
                    38.42247678018576,
                    39.40247678018576,
                    40.39258064516129,
                    41.38258064516129,
                    42.38258064516129,
                    43.372580645161285,
                    44.36258064516129,
                    45.35258064516129,
                    46.34258064516129,
                    47.34258064516129,
                    48.329151138716355,
                    49.329151138716355,
                    50.31915113871635,
                    51.30915113871635,
                    52.30915113871635,
                    53.299151138716354,
                    54.299151138716354,
                    55.28915113871635,
                    56.28090586145648,
                    57.28090586145648,
                    58.270905861456484,
                    59.270905861456484,
                    60.260905861456486,
                    61.260905861456486,
                    62.260905861456486,
                    63.25090586145649
                ],
                [
                    56.66348837209303,
                    14.073488372093024,
                    9.393488372093023,
                    8.153488372093022,
                    7.953488372093023,
                    8.203488372093023,
                    8.693488372093023,
                    9.333488372093022,
                    10.048192771084338,
                    10.828192771084337,
                    11.648192771084338,
                    12.508192771084339,
                    13.378192771084338,
                    14.278192771084338,
                    15.188192771084339,
                    16.108192771084337,
                    17.042944785276074,
                    17.982944785276075,
                    18.932944785276074,
                    19.882944785276074,
                    20.832944785276073,
                    21.802944785276075,
                    22.762944785276073,
                    23.732944785276075,
                    24.699588477366255,
                    25.669588477366254,
                    26.649588477366255,
                    27.619588477366257,
                    28.599588477366254,
                    29.579588477366254,
                    30.559588477366255,
                    31.539588477366255,
                    32.526315789473685,
                    33.50631578947368,
                    34.496315789473684,
                    35.486315789473686,
                    36.46631578947368,
                    37.456315789473685,
                    38.44631578947369,
                    39.43631578947368,
                    40.421836228287845,
                    41.41183622828785,
                    42.40183622828784,
                    43.39183622828784,
                    44.381836228287845,
                    45.37183622828785,
                    46.37183622828785,
                    47.36183622828784,
                    48.351966873706004,
                    49.341966873706006,
                    50.341966873706006,
                    51.331966873706,
                    52.321966873706,
                    53.321966873706,
                    54.311966873706005,
                    55.311966873706005,
                    56.301953818827705,
                    57.29195381882771,
                    58.29195381882771,
                    59.2819538188277,
                    60.2819538188277,
                    61.2819538188277,
                    62.271953818827704,
                    63.271953818827704
                ],
                [
                    60.00348837209302,
                    14.843488372093024,
                    9.823488372093024,
                    8.453488372093023,
                    8.183488372093024,
                    8.393488372093023,
                    8.853488372093024,
                    9.463488372093023,
                    10.168192771084337,
                    10.938192771084339,
                    11.748192771084337,
                    12.588192771084337,
                    13.468192771084338,
                    14.358192771084337,
                    15.258192771084339,
                    16.178192771084337,
                    17.102944785276073,
                    18.042944785276074,
                    18.982944785276075,
                    19.932944785276074,
                    20.882944785276074,
                    21.842944785276075,
                    22.802944785276075,
                    23.772944785276074,
                    24.739588477366254,
                    25.709588477366257,
                    26.679588477366256,
                    27.659588477366256,
                    28.639588477366257,
                    29.609588477366255,
                    30.589588477366256,
                    31.579588477366254,
                    32.556315789473686,
                    33.53631578947368,
                    34.526315789473685,
                    35.50631578947368,
                    36.496315789473684,
                    37.486315789473686,
                    38.46631578947368,
                    39.456315789473685,
                    40.44183622828785,
                    41.43183622828784,
                    42.421836228287845,
                    43.41183622828785,
                    44.40183622828784,
                    45.40183622828785,
                    46.39183622828784,
                    47.381836228287845,
                    48.37196687370601,
                    49.361966873706,
                    50.361966873706,
                    51.351966873706004,
                    52.341966873706006,
                    53.341966873706006,
                    54.33196687370601,
                    55.321966873706,
                    56.32195381882771,
                    57.3119538188277,
                    58.3119538188277,
                    59.301953818827705,
                    60.301953818827705,
                    61.29195381882771,
                    62.29195381882771,
                    63.2819538188277
                ],
                [
                    63.33348837209303,
                    15.613488372093023,
                    10.263488372093024,
                    8.753488372093024,
                    8.423488372093024,
                    8.583488372093024,
                    9.013488372093024,
                    9.603488372093024,
                    10.288192771084338,
                    11.038192771084338,
                    11.848192771084339,
                    12.678192771084337,
                    13.548192771084338,
                    14.428192771084337,
                    15.328192771084339,
                    16.23819277108434,
                    17.162944785276075,
                    18.102944785276073,
                    19.042944785276074,
                    19.982944785276075,
                    20.932944785276074,
                    21.89294478527607,
                    22.852944785276073,
                    23.812944785276073,
                    24.779588477366254,
                    25.749588477366256,
                    26.719588477366255,
                    27.699588477366255,
                    28.669588477366254,
                    29.649588477366255,
                    30.629588477366255,
                    31.609588477366255,
                    32.58631578947369,
                    33.566315789473684,
                    34.556315789473686,
                    35.53631578947368,
                    36.526315789473685,
                    37.50631578947369,
                    38.496315789473684,
                    39.486315789473686,
                    40.47183622828784,
                    41.461836228287844,
                    42.451836228287846,
                    43.44183622828785,
                    44.43183622828784,
                    45.421836228287845,
                    46.41183622828785,
                    47.40183622828785,
                    48.391966873706004,
                    49.381966873706006,
                    50.381966873706006,
                    51.37196687370601,
                    52.361966873706,
                    53.351966873706004,
                    54.351966873706004,
                    55.341966873706006,
                    56.341953818827704,
                    57.33195381882771,
                    58.32195381882771,
                    59.32195381882771,
                    60.3119538188277,
                    61.3119538188277,
                    62.301953818827705,
                    63.301953818827705
                ],
                [
                    66.66348837209303,
                    16.383488372093023,
                    10.693488372093023,
                    9.063488372093023,
                    8.653488372093022,
                    8.773488372093023,
                    9.173488372093024,
                    9.743488372093022,
                    10.408192771084337,
                    11.148192771084338,
                    11.938192771084339,
                    12.768192771084339,
                    13.628192771084338,
                    14.508192771084339,
                    15.398192771084338,
                    16.308192771084336,
                    17.222944785276074,
                    18.152944785276073,
                    19.092944785276075,
                    20.032944785276072,
                    20.982944785276075,
                    21.942944785276076,
                    22.89294478527607,
                    23.862944785276074,
                    24.819588477366256,
                    25.789588477366255,
                    26.759588477366254,
                    27.729588477366256,
                    28.709588477366253,
                    29.679588477366256,
                    30.659588477366256,
                    31.639588477366257,
                    32.61631578947369,
                    33.596315789473685,
                    34.58631578947369,
                    35.566315789473684,
                    36.54631578947368,
                    37.53631578947368,
                    38.526315789473685,
                    39.50631578947369,
                    40.491836228287845,
                    41.48183622828785,
                    42.47183622828784,
                    43.461836228287844,
                    44.451836228287846,
                    45.44183622828784,
                    46.43183622828784,
                    47.421836228287845,
                    48.41196687370601,
                    49.401966873706,
                    50.401966873706,
                    51.391966873706004,
                    52.381966873706006,
                    53.371966873706,
                    54.371966873706,
                    55.361966873706,
                    56.3519538188277,
                    57.3519538188277,
                    58.341953818827704,
                    59.341953818827704,
                    60.33195381882771,
                    61.32195381882771,
                    62.32195381882771,
                    63.3119538188277
                ],
                [
                    70.00372093023256,
                    17.15372093023256,
                    11.133720930232558,
                    9.363720930232558,
                    8.883720930232558,
                    8.963720930232558,
                    9.333720930232557,
                    9.873720930232558,
                    10.53012048192771,
                    11.26012048192771,
                    12.04012048192771,
                    12.86012048192771,
                    13.71012048192771,
                    14.580120481927711,
                    15.470120481927712,
                    16.37012048192771,
                    17.288343558282207,
                    18.218343558282207,
                    19.148343558282207,
                    20.088343558282208,
                    21.038343558282207,
                    21.988343558282207,
                    22.938343558282206,
                    23.898343558282207,
                    24.864197530864196,
                    25.834197530864195,
                    26.794197530864196,
                    27.774197530864196,
                    28.744197530864195,
                    29.714197530864197,
                    30.694197530864194,
                    31.674197530864195,
                    32.65015479876161,
                    33.63015479876161,
                    34.61015479876161,
                    35.59015479876161,
                    36.58015479876161,
                    37.560154798761616,
                    38.55015479876161,
                    39.530154798761615,
                    40.521091811414394,
                    41.511091811414396,
                    42.50109181141439,
                    43.481091811414394,
                    44.4710918114144,
                    45.46109181141439,
                    46.45109181141439,
                    47.441091811414395,
                    48.43478260869565,
                    49.42478260869565,
                    50.414782608695646,
                    51.40478260869565,
                    52.40478260869565,
                    53.39478260869565,
                    54.38478260869565,
                    55.37478260869565,
                    56.37300177619893,
                    57.363001776198935,
                    58.363001776198935,
                    59.35300177619893,
                    60.35300177619893,
                    61.34300177619893,
                    62.333001776198934,
                    63.333001776198934
                ],
                [
                    73.33372093023256,
                    17.923720930232555,
                    11.563720930232558,
                    9.663720930232557,
                    9.113720930232558,
                    9.153720930232558,
                    9.493720930232557,
                    10.013720930232559,
                    10.65012048192771,
                    11.37012048192771,
                    12.14012048192771,
                    12.95012048192771,
                    13.79012048192771,
                    14.650120481927711,
                    15.54012048192771,
                    16.44012048192771,
                    17.348343558282206,
                    18.268343558282208,
                    19.198343558282208,
                    20.13834355828221,
                    21.088343558282208,
                    22.02834355828221,
                    22.988343558282207,
                    23.948343558282208,
                    24.904197530864195,
                    25.874197530864198,
                    26.834197530864195,
                    27.804197530864197,
                    28.774197530864196,
                    29.754197530864197,
                    30.724197530864195,
                    31.704197530864196,
                    32.68015479876161,
                    33.66015479876161,
                    34.640154798761614,
                    35.62015479876161,
                    36.61015479876161,
                    37.59015479876161,
                    38.570154798761614,
                    39.560154798761616,
                    40.5410918114144,
                    41.53109181141439,
                    42.521091811414394,
                    43.511091811414396,
                    44.50109181141439,
                    45.481091811414394,
                    46.4710918114144,
                    47.46109181141439,
                    48.45478260869565,
                    49.44478260869565,
                    50.43478260869565,
                    51.42478260869565,
                    52.42478260869565,
                    53.414782608695646,
                    54.40478260869565,
                    55.39478260869565,
                    56.393001776198936,
                    57.38300177619893,
                    58.37300177619893,
                    59.37300177619893,
                    60.363001776198935,
                    61.363001776198935,
                    62.35300177619894,
                    63.34300177619893
                ],
                [
                    76.66372093023256,
                    18.69372093023256,
                    12.003720930232557,
                    9.973720930232558,
                    9.353720930232559,
                    9.343720930232559,
                    9.653720930232558,
                    10.153720930232558,
                    10.77012048192771,
                    11.47012048192771,
                    12.23012048192771,
                    13.04012048192771,
                    13.87012048192771,
                    14.73012048192771,
                    15.61012048192771,
                    16.50012048192771,
                    17.40834355828221,
                    18.328343558282207,
                    19.258343558282206,
                    20.188343558282206,
                    21.128343558282207,
                    22.078343558282207,
                    23.02834355828221,
                    23.988343558282207,
                    24.944197530864194,
                    25.904197530864195,
                    26.874197530864194,
                    27.844197530864196,
                    28.814197530864195,
                    29.784197530864198,
                    30.754197530864197,
                    31.734197530864197,
                    32.710154798761614,
                    33.69015479876161,
                    34.670154798761615,
                    35.65015479876161,
                    36.63015479876161,
                    37.62015479876161,
                    38.600154798761615,
                    39.59015479876161,
                    40.57109181141439,
                    41.56109181141439,
                    42.5410918114144,
                    43.53109181141439,
                    44.521091811414394,
                    45.511091811414396,
                    46.5010918114144,
                    47.49109181141439,
                    48.47478260869565,
                    49.46478260869565,
                    50.45478260869565,
                    51.44478260869565,
                    52.43478260869565,
                    53.43478260869565,
                    54.42478260869565,
                    55.414782608695646,
                    56.41300177619893,
                    57.403001776198934,
                    58.393001776198936,
                    59.38300177619893,
                    60.38300177619893,
                    61.37300177619893,
                    62.37300177619893,
                    63.363001776198935
                ],
                [
                    80.00372093023256,
                    19.463720930232558,
                    12.433720930232557,
                    10.273720930232559,
                    9.583720930232557,
                    9.523720930232559,
                    9.813720930232558,
                    10.283720930232558,
                    10.89012048192771,
                    11.580120481927711,
                    12.330120481927711,
                    13.12012048192771,
                    13.95012048192771,
                    14.80012048192771,
                    15.68012048192771,
                    16.57012048192771,
                    17.468343558282207,
                    18.38834355828221,
                    19.308343558282207,
                    20.248343558282208,
                    21.178343558282208,
                    22.128343558282207,
                    23.078343558282207,
                    24.02834355828221,
                    24.984197530864197,
                    25.944197530864194,
                    26.914197530864197,
                    27.874197530864194,
                    28.844197530864196,
                    29.814197530864195,
                    30.794197530864196,
                    31.764197530864195,
                    32.740154798761615,
                    33.72015479876161,
                    34.70015479876161,
                    35.68015479876161,
                    36.66015479876161,
                    37.640154798761614,
                    38.63015479876161,
                    39.61015479876161,
                    40.591091811414394,
                    41.581091811414396,
                    42.57109181141439,
                    43.551091811414395,
                    44.54109181141439,
                    45.53109181141439,
                    46.521091811414394,
                    47.511091811414396,
                    48.49478260869565,
                    49.484782608695646,
                    50.47478260869565,
                    51.46478260869565,
                    52.45478260869565,
                    53.45478260869565,
                    54.44478260869565,
                    55.43478260869565,
                    56.42300177619893,
                    57.42300177619893,
                    58.41300177619893,
                    59.403001776198934,
                    60.403001776198934,
                    61.39300177619893,
                    62.38300177619893,
                    63.38300177619893
                ],
                [
                    83.33698113207548,
                    20.226981132075473,
                    12.866981132075471,
                    10.57698113207547,
                    9.81698113207547,
                    9.716981132075471,
                    9.966981132075471,
                    10.426981132075472,
                    11.012048192771084,
                    11.692048192771084,
                    12.432048192771084,
                    13.212048192771086,
                    14.032048192771084,
                    14.882048192771084,
                    15.752048192771085,
                    16.632048192771084,
                    17.533742331288344,
                    18.443742331288345,
                    19.363742331288343,
                    20.293742331288342,
                    21.233742331288344,
                    22.173742331288345,
                    23.123742331288344,
                    24.073742331288344,
                    25.02880658436214,
                    25.98880658436214,
                    26.94880658436214,
                    27.91880658436214,
                    28.87880658436214,
                    29.84880658436214,
                    30.82880658436214,
                    31.79880658436214,
                    32.77399380804953,
                    33.75399380804953,
                    34.723993808049535,
                    35.70399380804953,
                    36.683993808049536,
                    37.67399380804953,
                    38.653993808049535,
                    39.63399380804953,
                    40.62034739454094,
                    41.60034739454094,
                    42.59034739454094,
                    43.580347394540944,
                    44.56034739454094,
                    45.55034739454094,
                    46.540347394540944,
                    47.53034739454094,
                    48.5175983436853,
                    49.5075983436853,
                    50.4975983436853,
                    51.4875983436853,
                    52.4775983436853,
                    53.4675983436853,
                    54.4575983436853,
                    55.4475983436853,
                    56.44404973357016,
                    57.43404973357016,
                    58.42404973357016,
                    59.42404973357016,
                    60.41404973357016,
                    61.40404973357016,
                    62.40404973357016,
                    63.394049733570164
                ],
                [
                    86.66698113207548,
                    20.99698113207547,
                    13.306981132075471,
                    10.876981132075471,
                    10.046981132075471,
                    9.90698113207547,
                    10.126981132075471,
                    10.556981132075471,
                    11.132048192771084,
                    11.792048192771084,
                    12.522048192771084,
                    13.302048192771085,
                    14.112048192771084,
                    14.952048192771084,
                    15.822048192771085,
                    16.702048192771084,
                    17.593742331288343,
                    18.503742331288343,
                    19.423742331288345,
                    20.343742331288343,
                    21.283742331288344,
                    22.223742331288346,
                    23.163742331288343,
                    24.113742331288343,
                    25.06880658436214,
                    26.02880658436214,
                    26.98880658436214,
                    27.94880658436214,
                    28.91880658436214,
                    29.88880658436214,
                    30.858806584362142,
                    31.82880658436214,
                    32.80399380804953,
                    33.78399380804953,
                    34.75399380804953,
                    35.73399380804953,
                    36.71399380804953,
                    37.693993808049534,
                    38.67399380804953,
                    39.66399380804953,
                    40.640347394540946,
                    41.63034739454094,
                    42.610347394540945,
                    43.60034739454094,
                    44.59034739454094,
                    45.570347394540946,
                    46.56034739454094,
                    47.55034739454094,
                    48.5375983436853,
                    49.5275983436853,
                    50.5175983436853,
                    51.5075983436853,
                    52.4975983436853,
                    53.4875983436853,
                    54.4775983436853,
                    55.4675983436853,
                    56.464049733570164,
                    57.45404973357016,
                    58.44404973357016,
                    59.43404973357016,
                    60.43404973357016,
                    61.42404973357016,
                    62.41404973357016,
                    63.41404973357016
                ],
                [
                    89.99698113207548,
                    21.766981132075472,
                    13.73698113207547,
                    11.176981132075472,
                    10.276981132075472,
                    10.096981132075472,
                    10.286981132075471,
                    10.696981132075472,
                    11.252048192771085,
                    11.902048192771085,
                    12.622048192771084,
                    13.392048192771085,
                    14.192048192771084,
                    15.032048192771084,
                    15.892048192771085,
                    16.762048192771083,
                    17.653742331288345,
                    18.563742331288346,
                    19.473742331288346,
                    20.403742331288345,
                    21.333742331288345,
                    22.263742331288345,
                    23.213742331288344,
                    24.163742331288343,
                    25.10880658436214,
                    26.06880658436214,
                    27.02880658436214,
                    27.98880658436214,
                    28.95880658436214,
                    29.91880658436214,
                    30.88880658436214,
                    31.858806584362142,
                    32.833993808049534,
                    33.81399380804953,
                    34.78399380804953,
                    35.763993808049534,
                    36.74399380804953,
                    37.723993808049535,
                    38.70399380804953,
                    39.683993808049536,
                    40.67034739454094,
                    41.650347394540944,
                    42.640347394540946,
                    43.62034739454094,
                    44.610347394540945,
                    45.60034739454095,
                    46.580347394540944,
                    47.570347394540946,
                    48.5575983436853,
                    49.5475983436853,
                    50.5375983436853,
                    51.5275983436853,
                    52.5175983436853,
                    53.5075983436853,
                    54.4975983436853,
                    55.4875983436853,
                    56.48404973357016,
                    57.47404973357016,
                    58.464049733570164,
                    59.45404973357016,
                    60.44404973357016,
                    61.44404973357016,
                    62.43404973357016,
                    63.42404973357016
                ],
                [
                    93.33698113207548,
                    22.53698113207547,
                    14.176981132075472,
                    11.48698113207547,
                    10.50698113207547,
                    10.286981132075471,
                    10.446981132075472,
                    10.836981132075472,
                    11.372048192771084,
                    12.012048192771084,
                    12.722048192771084,
                    13.482048192771085,
                    14.272048192771084,
                    15.102048192771084,
                    15.962048192771086,
                    16.832048192771083,
                    17.713742331288344,
                    18.613742331288343,
                    19.533742331288344,
                    20.453742331288346,
                    21.383742331288346,
                    22.313742331288346,
                    23.253742331288343,
                    24.203742331288346,
                    25.14880658436214,
                    26.108806584362142,
                    27.06880658436214,
                    28.02880658436214,
                    28.98880658436214,
                    29.95880658436214,
                    30.928806584362142,
                    31.89880658436214,
                    32.863993808049536,
                    33.84399380804953,
                    34.81399380804953,
                    35.793993808049535,
                    36.77399380804953,
                    37.75399380804953,
                    38.73399380804953,
                    39.71399380804953,
                    40.69034739454094,
                    41.680347394540945,
                    42.66034739454094,
                    43.650347394540944,
                    44.63034739454094,
                    45.62034739454094,
                    46.60034739454095,
                    47.59034739454094,
                    48.5775983436853,
                    49.5675983436853,
                    50.5575983436853,
                    51.5475983436853,
                    52.5375983436853,
                    53.5275983436853,
                    54.5175983436853,
                    55.5075983436853,
                    56.49404973357016,
                    57.48404973357016,
                    58.48404973357016,
                    59.47404973357016,
                    60.464049733570164,
                    61.45404973357016,
                    62.45404973357016,
                    63.44404973357016
                ],
                [
                    96.66169811320755,
                    23.311698113207548,
                    14.611698113207545,
                    11.791698113207547,
                    10.741698113207546,
                    10.471698113207546,
                    10.601698113207547,
                    10.971698113207546,
                    11.493975903614459,
                    12.113975903614458,
                    12.813975903614459,
                    13.563975903614459,
                    14.353975903614458,
                    15.183975903614458,
                    16.02397590361446,
                    16.89397590361446,
                    17.779141104294478,
                    18.679141104294477,
                    19.589141104294477,
                    20.499141104294477,
                    21.429141104294477,
                    22.35914110429448,
                    23.299141104294478,
                    24.249141104294477,
                    25.19341563786008,
                    26.14341563786008,
                    27.10341563786008,
                    28.063415637860082,
                    29.023415637860083,
                    29.993415637860082,
                    30.953415637860083,
                    31.92341563786008,
                    32.89783281733746,
                    33.86783281733746,
                    34.84783281733746,
                    35.81783281733746,
                    36.79783281733746,
                    37.77783281733746,
                    38.75783281733746,
                    39.73783281733746,
                    40.71960297766749,
                    41.69960297766749,
                    42.68960297766749,
                    43.669602977667495,
                    44.65960297766749,
                    45.639602977667494,
                    46.62960297766749,
                    47.60960297766749,
                    48.60041407867495,
                    49.590414078674954,
                    50.58041407867495,
                    51.56041407867495,
                    52.550414078674955,
                    53.54041407867495,
                    54.53041407867495,
                    55.52041407867495,
                    56.51509769094139,
                    57.50509769094139,
                    58.495097690941385,
                    59.48509769094139,
                    60.48509769094139,
                    61.47509769094139,
                    62.46509769094139,
                    63.455097690941386
                ],
                [
                    100.00169811320755,
                    24.081698113207544,
                    15.041698113207547,
                    12.091698113207546,
                    10.981698113207546,
                    10.661698113207546,
                    10.761698113207546,
                    11.111698113207547,
                    11.613975903614458,
                    12.223975903614459,
                    12.913975903614459,
                    13.653975903614459,
                    14.443975903614458,
                    15.253975903614458,
                    16.093975903614457,
                    16.963975903614458,
                    17.839141104294477,
                    18.729141104294477,
                    19.639141104294477,
                    20.55914110429448,
                    21.479141104294477,
                    22.409141104294477,
                    23.34914110429448,
                    24.28914110429448,
                    25.23341563786008,
                    26.18341563786008,
                    27.14341563786008,
                    28.10341563786008,
                    29.063415637860082,
                    30.023415637860083,
                    30.993415637860082,
                    31.96341563786008,
                    32.92783281733746,
                    33.89783281733746,
                    34.877832817337456,
                    35.84783281733746,
                    36.82783281733746,
                    37.807832817337456,
                    38.78783281733746,
                    39.76783281733746,
                    40.739602977667495,
                    41.72960297766749,
                    42.709602977667494,
                    43.68960297766749,
                    44.67960297766749,
                    45.65960297766749,
                    46.64960297766749,
                    47.62960297766749,
                    48.620414078674955,
                    49.61041407867495,
                    50.60041407867495,
                    51.58041407867495,
                    52.57041407867495,
                    53.56041407867495,
                    54.550414078674955,
                    55.54041407867495,
                    56.53509769094139,
                    57.52509769094139,
                    58.51509769094139,
                    59.50509769094139,
                    60.495097690941385,
                    61.48509769094139,
                    62.48509769094139,
                    63.47509769094139
                ],
                [
                    103.33169811320755,
                    24.841698113207546,
                    15.481698113207546,
                    12.391698113207546,
                    11.211698113207547,
                    10.851698113207547,
                    10.921698113207546,
                    11.241698113207546,
                    11.733975903614459,
                    12.333975903614459,
                    13.013975903614458,
                    13.743975903614459,
                    14.523975903614458,
                    15.333975903614459,
                    16.163975903614457,
                    17.02397590361446,
                    17.89914110429448,
                    18.78914110429448,
                    19.689141104294478,
                    20.60914110429448,
                    21.529141104294478,
                    22.459141104294478,
                    23.389141104294477,
                    24.32914110429448,
                    25.27341563786008,
                    26.223415637860082,
                    27.18341563786008,
                    28.133415637860082,
                    29.09341563786008,
                    30.05341563786008,
                    31.023415637860083,
                    31.993415637860082,
                    32.95783281733746,
                    33.92783281733746,
                    34.90783281733746,
                    35.877832817337456,
                    36.85783281733746,
                    37.82783281733746,
                    38.807832817337456,
                    39.78783281733746,
                    40.76960297766749,
                    41.74960297766749,
                    42.72960297766749,
                    43.71960297766749,
                    44.69960297766749,
                    45.67960297766749,
                    46.669602977667495,
                    47.65960297766749,
                    48.64041407867495,
                    49.63041407867495,
                    50.620414078674955,
                    51.60041407867495,
                    52.590414078674954,
                    53.58041407867495,
                    54.57041407867495,
                    55.56041407867495,
                    56.55509769094139,
                    57.54509769094139,
                    58.53509769094139,
                    59.52509769094139,
                    60.51509769094139,
                    61.50509769094139,
                    62.49509769094139,
                    63.48509769094139
                ],
                [
                    106.66169811320755,
                    25.611698113207545,
                    15.911698113207546,
                    12.701698113207547,
                    11.441698113207547,
                    11.041698113207547,
                    11.081698113207546,
                    11.381698113207547,
                    11.853975903614458,
                    12.443975903614458,
                    13.103975903614458,
                    13.833975903614459,
                    14.603975903614458,
                    15.403975903614459,
                    16.233975903614457,
                    17.093975903614457,
                    17.959141104294478,
                    18.84914110429448,
                    19.749141104294477,
                    20.659141104294477,
                    21.57914110429448,
                    22.499141104294477,
                    23.439141104294478,
                    24.369141104294478,
                    25.313415637860082,
                    26.26341563786008,
                    27.21341563786008,
                    28.17341563786008,
                    29.133415637860082,
                    30.093415637860083,
                    31.05341563786008,
                    32.02341563786008,
                    32.98783281733746,
                    33.95783281733746,
                    34.93783281733746,
                    35.90783281733746,
                    36.877832817337456,
                    37.85783281733746,
                    38.83783281733746,
                    39.81783281733746,
                    40.78960297766749,
                    41.779602977667494,
                    42.75960297766749,
                    43.739602977667495,
                    44.71960297766749,
                    45.709602977667494,
                    46.68960297766749,
                    47.67960297766749,
                    48.660414078674954,
                    49.65041407867495,
                    50.64041407867495,
                    51.620414078674955,
                    52.61041407867495,
                    53.60041407867495,
                    54.590414078674954,
                    55.58041407867495,
                    56.565097690941386,
                    57.55509769094139,
                    58.54509769094139,
                    59.53509769094139,
                    60.535097690941384,
                    61.52509769094139,
                    62.51509769094139,
                    63.50509769094139
                ]
            ]
        }
    },
    "groups": {
        "a120e517-83f8-11e5-a662-3c15c2da029e": {
            "alias": [
                "/"
            ],
            "links": [
                {
                    "class": "H5L_TYPE_HARD",
                    "collection": "datasets",
                    "id": "a121fd68-83f8-11e5-badf-3c15c2da029e",
                    "title": "DS1"
                }
            ]
        }
    },
    "root": "a120e517-83f8-11e5-a662-3c15c2da029e"
}
