{
    "apiVersion": "1.0.0", 
    "datasets": {
        "a1df610a-83f8-11e5-899e-3c15c2da029e": {
            "alias": [
                "/DS1"
            ], 
            "creationProperties": {
                "allocTime": "H5D_ALLOC_TIME_LATE", 
                "fillTime": "H5D_FILL_TIME_IFSET", 
                "layout": {
                    "class": "H5D_CONTIGUOUS"
                }
            }, 
            "shape": {
                "class": "H5S_SIMPLE", 
                "dims": [
                    1
                ]
            }, 
            "type": {
                "base": "H5T_STD_REF_OBJ", 
                "class": "H5T_REFERENCE"
            }, 
            "value": [
                "null"
            ]
        }
    }, 
    "groups": {
        "a1ddf4d1-83f8-11e5-b31d-3c15c2da029e": {
            "alias": [
                "/"
            ], 
            "links": [
                {
                    "class": "H5L_TYPE_HARD", 
                    "collection": "datasets", 
                    "id": "a1df610a-83f8-11e5-899e-3c15c2da029e", 
                    "title": "DS1"
                }
            ]
        }
    }, 
    "root": "a1ddf4d1-83f8-11e5-b31d-3c15c2da029e"
}
