{
    "apiVersion": "1.0.0", 
    "groups": {
        "a1f75833-83f8-11e5-bd96-3c15c2da029e": {
            "alias": [
                "/"
            ], 
            "attributes": [
                {
                    "name": "attr1", 
                    "shape": {
                        "class": "H5S_NULL"
                    }, 
                    "type": {
                        "base": "H5T_IEEE_F64LE", 
                        "class": "H5T_FLOAT"
                    }
                }
            ]
        }
    }, 
    "root": "a1f75833-83f8-11e5-bd96-3c15c2da029e"
}
