{
    "apiVersion": "1.1.0",
    "datasets": {
        "23d3e919-7b53-11e4-961d-3c15c2da029e": {
            "alias": [
                "/DS1"
            ],
            "shape": {
                "class": "H5S_NULL"
            },
            "type": {
                "base": "H5T_STD_I32LE",
                "class": "H5T_INTEGER"
            },
            "value": null
        }
    },
    "groups": {
        "23d2e06b-7b53-11e4-9910-3c15c2da029e": {
            "alias": [
                "/"
            ],
            "links": [
                {
                    "class": "H5L_TYPE_HARD",
                    "collection": "datasets",
                    "id": "23d3e919-7b53-11e4-961d-3c15c2da029e",
                    "title": "DS1"
                }
            ]
        }
    },
    "root": "23d2e06b-7b53-11e4-9910-3c15c2da029e"
}
