{
    "apiVersion": "1.0.0", 
    "datasets": {
        "a2118b80-83f8-11e5-b960-3c15c2da029e": {
            "alias": [
                "/DS1"
            ], 
            "creationProperties": {
                "allocTime": "H5D_ALLOC_TIME_LATE", 
                "fillTime": "H5D_FILL_TIME_IFSET", 
                "layout": {
                    "class": "H5D_CONTIGUOUS"
                }
            }, 
            "shape": {
                "class": "H5S_NULL"
            }, 
            "type": {
                "base": "H5T_STD_I32LE", 
                "class": "H5T_INTEGER"
            }, 
            "value": null
        }
    }, 
    "groups": {
        "a21079fa-83f8-11e5-a0ef-3c15c2da029e": {
            "alias": [
                "/"
            ], 
            "links": [
                {
                    "class": "H5L_TYPE_HARD", 
                    "collection": "datasets", 
                    "id": "a2118b80-83f8-11e5-b960-3c15c2da029e", 
                    "title": "DS1"
                }
            ]
        }
    }, 
    "root": "a21079fa-83f8-11e5-a0ef-3c15c2da029e"
}
