{
    "apiVersion": "1.0.0", 
    "datasets": {
        "a22c07ee-83f8-11e5-8c22-3c15c2da029e": {
            "alias": [
                "/DS1"
            ], 
            "attributes": [
                {
                    "name": "A1", 
                    "shape": {
                        "class": "H5S_SIMPLE", 
                        "dims": [
                            2
                        ]
                    }, 
                    "type": {
                        "base": "H5T_STD_REF_OBJ", 
                        "class": "H5T_REFERENCE"
                    }, 
                    "value": [
                        "groups/a22c35c0-83f8-11e5-9eba-3c15c2da029e", 
                        "datasets/a22c2026-83f8-11e5-b167-3c15c2da029e"
                    ]
                }
            ], 
            "creationProperties": {
                "allocTime": "H5D_ALLOC_TIME_LATE", 
                "fillTime": "H5D_FILL_TIME_IFSET", 
                "layout": {
                    "class": "H5D_CONTIGUOUS"
                }
            }, 
            "shape": {
                "class": "H5S_NULL"
            }, 
            "type": {
                "base": "H5T_STD_I32LE", 
                "class": "H5T_INTEGER"
            }, 
            "value": null
        }, 
        "a22c2026-83f8-11e5-b167-3c15c2da029e": {
            "alias": [
                "/DS2"
            ], 
            "creationProperties": {
                "allocTime": "H5D_ALLOC_TIME_LATE", 
                "fillTime": "H5D_FILL_TIME_IFSET", 
                "layout": {
                    "class": "H5D_CONTIGUOUS"
                }
            }, 
            "shape": {
                "class": "H5S_NULL"
            }, 
            "type": {
                "base": "H5T_STD_I32LE", 
                "class": "H5T_INTEGER"
            }, 
            "value": null
        }
    }, 
    "groups": {
        "a22a947a-83f8-11e5-9c70-3c15c2da029e": {
            "alias": [
                "/"
            ], 
            "links": [
                {
                    "class": "H5L_TYPE_HARD", 
                    "collection": "datasets", 
                    "id": "a22c07ee-83f8-11e5-8c22-3c15c2da029e", 
                    "title": "DS1"
                }, 
                {
                    "class": "H5L_TYPE_HARD", 
                    "collection": "datasets", 
                    "id": "a22c2026-83f8-11e5-b167-3c15c2da029e", 
                    "title": "DS2"
                }, 
                {
                    "class": "H5L_TYPE_HARD", 
                    "collection": "groups", 
                    "id": "a22c35c0-83f8-11e5-9eba-3c15c2da029e", 
                    "title": "G1"
                }
            ]
        }, 
        "a22c35c0-83f8-11e5-9eba-3c15c2da029e": {
            "alias": [
                "/G1"
            ]
        }
    }, 
    "root": "a22a947a-83f8-11e5-9c70-3c15c2da029e"
}
