{
    "apiVersion": "1.0.0", 
    "datasets": {
        "a261f4d9-83f8-11e5-b283-3c15c2da029e": {
            "alias": [
                "/DS1"
            ], 
            "attributes": [
                {
                    "name": "A1", 
                    "shape": {
                        "class": "H5S_SIMPLE", 
                        "dims": [
                            4
                        ]
                    }, 
                    "type": {
                        "class": "H5T_OPAQUE", 
                        "size": 7
                    }
                }
            ], 
            "creationProperties": {
                "allocTime": "H5D_ALLOC_TIME_LATE", 
                "fillTime": "H5D_FILL_TIME_IFSET", 
                "layout": {
                    "class": "H5D_CONTIGUOUS"
                }
            }, 
            "shape": {
                "class": "H5S_NULL"
            }, 
            "type": {
                "base": "H5T_STD_I32LE", 
                "class": "H5T_INTEGER"
            }, 
            "value": null
        }
    }, 
    "groups": {
        "a260f382-83f8-11e5-ab37-3c15c2da029e": {
            "alias": [
                "/"
            ], 
            "links": [
                {
                    "class": "H5L_TYPE_HARD", 
                    "collection": "datasets", 
                    "id": "a261f4d9-83f8-11e5-b283-3c15c2da029e", 
                    "title": "DS1"
                }
            ]
        }
    }, 
    "root": "a260f382-83f8-11e5-ab37-3c15c2da029e"
}
