{
    "apiVersion": "1.0.0", 
    "datasets": {
        "a27b18a1-83f8-11e5-ab76-3c15c2da029e": {
            "alias": [
                "/DS1"
            ], 
            "creationProperties": {
                "allocTime": "H5D_ALLOC_TIME_LATE", 
                "fillTime": "H5D_FILL_TIME_IFSET", 
                "layout": {
                    "class": "H5D_CONTIGUOUS"
                }
            }, 
            "shape": {
                "class": "H5S_SIMPLE", 
                "dims": [
                    4
                ]
            }, 
            "type": {
                "class": "H5T_OPAQUE", 
                "size": 7
            }, 
            "value": "????"
        }
    }, 
    "groups": {
        "a27a0021-83f8-11e5-b3ea-3c15c2da029e": {
            "alias": [
                "/"
            ], 
            "links": [
                {
                    "class": "H5L_TYPE_HARD", 
                    "collection": "datasets", 
                    "id": "a27b18a1-83f8-11e5-ab76-3c15c2da029e", 
                    "title": "DS1"
                }
            ]
        }
    }, 
    "root": "a27a0021-83f8-11e5-b3ea-3c15c2da029e"
}
