{
    "apiVersion": "1.0.0", 
    "datasets": {
        "a2b14a4c-83f8-11e5-82af-3c15c2da029e": {
            "alias": [
                "/DS1"
            ], 
            "creationProperties": {
                "allocTime": "H5D_ALLOC_TIME_LATE", 
                "fillTime": "H5D_FILL_TIME_IFSET", 
                "layout": {
                    "class": "H5D_CONTIGUOUS"
                }
            }, 
            "shape": {
                "class": "H5S_SIMPLE", 
                "dims": [
                    2
                ]
            }, 
            "type": {
                "base": "H5T_STD_REF_DSETREG", 
                "class": "H5T_REFERENCE"
            }, 
            "value": [
                {
                    "id": "a2b16111-83f8-11e5-9500-3c15c2da029e", 
                    "select_type": "H5S_SEL_POINTS", 
                    "selection": [
                        [
                            0, 
                            1
                        ], 
                        [
                            2, 
                            11
                        ], 
                        [
                            1, 
                            0
                        ], 
                        [
                            2, 
                            4
                        ]
                    ]
                }, 
                {
                    "id": "a2b16111-83f8-11e5-9500-3c15c2da029e", 
                    "select_type": "H5S_SEL_HYPERSLABS", 
                    "selection": [
                        [
                            [
                                0, 
                                0
                            ], 
                            [
                                1, 
                                3
                            ]
                        ], 
                        [
                            [
                                0, 
                                11
                            ], 
                            [
                                1, 
                                14
                            ]
                        ], 
                        [
                            [
                                2, 
                                0
                            ], 
                            [
                                3, 
                                3
                            ]
                        ], 
                        [
                            [
                                2, 
                                11
                            ], 
                            [
                                3, 
                                14
                            ]
                        ]
                    ]
                }
            ]
        }, 
        "a2b16111-83f8-11e5-9500-3c15c2da029e": {
            "alias": [
                "/DS2"
            ], 
            "creationProperties": {
                "allocTime": "H5D_ALLOC_TIME_LATE", 
                "fillTime": "H5D_FILL_TIME_IFSET", 
                "layout": {
                    "class": "H5D_CONTIGUOUS"
                }
            }, 
            "shape": {
                "class": "H5S_SIMPLE", 
                "dims": [
                    3, 
                    16
                ]
            }, 
            "type": {
                "base": "H5T_STD_I8LE", 
                "class": "H5T_INTEGER"
            }, 
            "value": [
                [
                    84, 
                    104, 
                    101, 
                    32, 
                    113, 
                    117, 
                    105, 
                    99, 
                    107, 
                    32, 
                    98, 
                    114, 
                    111, 
                    119, 
                    110, 
                    0
                ], 
                [
                    102, 
                    111, 
                    120, 
                    32, 
                    106, 
                    117, 
                    109, 
                    112, 
                    115, 
                    32, 
                    111, 
                    118, 
                    101, 
                    114, 
                    32, 
                    0
                ], 
                [
                    116, 
                    104, 
                    101, 
                    32, 
                    53, 
                    32, 
                    108, 
                    97, 
                    122, 
                    121, 
                    32, 
                    100, 
                    111, 
                    103, 
                    115, 
                    0
                ]
            ]
        }
    }, 
    "groups": {
        "a2b01eb3-83f8-11e5-9199-3c15c2da029e": {
            "alias": [
                "/"
            ], 
            "links": [
                {
                    "class": "H5L_TYPE_HARD", 
                    "collection": "datasets", 
                    "id": "a2b14a4c-83f8-11e5-82af-3c15c2da029e", 
                    "title": "DS1"
                }, 
                {
                    "class": "H5L_TYPE_HARD", 
                    "collection": "datasets", 
                    "id": "a2b16111-83f8-11e5-9500-3c15c2da029e", 
                    "title": "DS2"
                }
            ]
        }
    }, 
    "root": "a2b01eb3-83f8-11e5-9199-3c15c2da029e"
}
