{
    "apiVersion": "1.0.0", 
    "datasets": {
        "a2cb8f8a-83f8-11e5-bd8d-3c15c2da029e": {
            "alias": [
                "/resizable_1d"
            ], 
            "creationProperties": {
                "allocTime": "H5D_ALLOC_TIME_INCR", 
                "fillTime": "H5D_FILL_TIME_ALLOC", 
                "layout": {
                    "class": "H5D_CHUNKED", 
                    "dims": [
                        10
                    ]
                }
            }, 
            "shape": {
                "class": "H5S_SIMPLE", 
                "dims": [
                    10
                ], 
                "maxdims": [
                    20
                ]
            }, 
            "type": {
                "base": "H5T_STD_I64LE", 
                "class": "H5T_INTEGER"
            }, 
            "value": [
                0, 
                2, 
                4, 
                6, 
                8, 
                10, 
                12, 
                14, 
                16, 
                18
            ]
        }, 
        "a2cbb01e-83f8-11e5-a241-3c15c2da029e": {
            "alias": [
                "/resizable_2d"
            ], 
            "creationProperties": {
                "allocTime": "H5D_ALLOC_TIME_INCR", 
                "fillTime": "H5D_FILL_TIME_ALLOC", 
                "layout": {
                    "class": "H5D_CHUNKED", 
                    "dims": [
                        10, 
                        10
                    ]
                }
            }, 
            "shape": {
                "class": "H5S_SIMPLE", 
                "dims": [
                    10, 
                    10
                ], 
                "maxdims": [
                    10, 
                    20
                ]
            }, 
            "type": {
                "base": "H5T_STD_I64LE", 
                "class": "H5T_INTEGER"
            }, 
            "value": [
                [
                    1, 
                    2, 
                    3, 
                    4, 
                    5, 
                    6, 
                    7, 
                    8, 
                    9, 
                    10
                ], 
                [
                    2, 
                    4, 
                    6, 
                    8, 
                    10, 
                    12, 
                    14, 
                    16, 
                    18, 
                    20
                ], 
                [
                    3, 
                    6, 
                    9, 
                    12, 
                    15, 
                    18, 
                    21, 
                    24, 
                    27, 
                    30
                ], 
                [
                    4, 
                    8, 
                    12, 
                    16, 
                    20, 
                    24, 
                    28, 
                    32, 
                    36, 
                    40
                ], 
                [
                    5, 
                    10, 
                    15, 
                    20, 
                    25, 
                    30, 
                    35, 
                    40, 
                    45, 
                    50
                ], 
                [
                    6, 
                    12, 
                    18, 
                    24, 
                    30, 
                    36, 
                    42, 
                    48, 
                    54, 
                    60
                ], 
                [
                    7, 
                    14, 
                    21, 
                    28, 
                    35, 
                    42, 
                    49, 
                    56, 
                    63, 
                    70
                ], 
                [
                    8, 
                    16, 
                    24, 
                    32, 
                    40, 
                    48, 
                    56, 
                    64, 
                    72, 
                    80
                ], 
                [
                    9, 
                    18, 
                    27, 
                    36, 
                    45, 
                    54, 
                    63, 
                    72, 
                    81, 
                    90
                ], 
                [
                    10, 
                    20, 
                    30, 
                    40, 
                    50, 
                    60, 
                    70, 
                    80, 
                    90, 
                    100
                ]
            ]
        }, 
        "a2cbc554-83f8-11e5-9c83-3c15c2da029e": {
            "alias": [
                "/unlimited_1d"
            ], 
            "creationProperties": {
                "allocTime": "H5D_ALLOC_TIME_INCR", 
                "fillTime": "H5D_FILL_TIME_ALLOC", 
                "layout": {
                    "class": "H5D_CHUNKED", 
                    "dims": [
                        10
                    ]
                }
            }, 
            "shape": {
                "class": "H5S_SIMPLE", 
                "dims": [
                    10
                ], 
                "maxdims": [
                    "H5S_UNLIMITED"
                ]
            }, 
            "type": {
                "base": "H5T_STD_I64LE", 
                "class": "H5T_INTEGER"
            }, 
            "value": [
                0, 
                2, 
                4, 
                6, 
                8, 
                10, 
                12, 
                14, 
                16, 
                18
            ]
        }, 
        "a2cbda07-83f8-11e5-b950-3c15c2da029e": {
            "alias": [
                "/unlimited_1d_zero"
            ], 
            "creationProperties": {
                "allocTime": "H5D_ALLOC_TIME_INCR", 
                "fillTime": "H5D_FILL_TIME_ALLOC", 
                "layout": {
                    "class": "H5D_CHUNKED", 
                    "dims": [
                        10
                    ]
                }
            }, 
            "shape": {
                "class": "H5S_SIMPLE", 
                "dims": [
                    0
                ], 
                "maxdims": [
                    "H5S_UNLIMITED"
                ]
            }, 
            "type": {
                "base": "H5T_STD_I64LE", 
                "class": "H5T_INTEGER"
            }, 
            "value": []
        }, 
        "a2cbeed1-83f8-11e5-9413-3c15c2da029e": {
            "alias": [
                "/unlimited_2d"
            ], 
            "creationProperties": {
                "allocTime": "H5D_ALLOC_TIME_INCR", 
                "fillTime": "H5D_FILL_TIME_ALLOC", 
                "layout": {
                    "class": "H5D_CHUNKED", 
                    "dims": [
                        10, 
                        10
                    ]
                }
            }, 
            "shape": {
                "class": "H5S_SIMPLE", 
                "dims": [
                    10, 
                    10
                ], 
                "maxdims": [
                    10, 
                    "H5S_UNLIMITED"
                ]
            }, 
            "type": {
                "base": "H5T_STD_I64LE", 
                "class": "H5T_INTEGER"
            }, 
            "value": [
                [
                    0, 
                    0, 
                    0, 
                    0, 
                    0, 
                    0, 
                    0, 
                    0, 
                    0, 
                    0
                ], 
                [
                    1, 
                    2, 
                    3, 
                    4, 
                    5, 
                    6, 
                    7, 
                    8, 
                    9, 
                    10
                ], 
                [
                    2, 
                    4, 
                    6, 
                    8, 
                    10, 
                    12, 
                    14, 
                    16, 
                    18, 
                    20
                ], 
                [
                    3, 
                    6, 
                    9, 
                    12, 
                    15, 
                    18, 
                    21, 
                    24, 
                    27, 
                    30
                ], 
                [
                    4, 
                    8, 
                    12, 
                    16, 
                    20, 
                    24, 
                    28, 
                    32, 
                    36, 
                    40
                ], 
                [
                    5, 
                    10, 
                    15, 
                    20, 
                    25, 
                    30, 
                    35, 
                    40, 
                    45, 
                    50
                ], 
                [
                    6, 
                    12, 
                    18, 
                    24, 
                    30, 
                    36, 
                    42, 
                    48, 
                    54, 
                    60
                ], 
                [
                    7, 
                    14, 
                    21, 
                    28, 
                    35, 
                    42, 
                    49, 
                    56, 
                    63, 
                    70
                ], 
                [
                    8, 
                    16, 
                    24, 
                    32, 
                    40, 
                    48, 
                    56, 
                    64, 
                    72, 
                    80
                ], 
                [
                    9, 
                    18, 
                    27, 
                    36, 
                    45, 
                    54, 
                    63, 
                    72, 
                    81, 
                    90
                ]
            ]
        }, 
        "a2cc0378-83f8-11e5-a265-3c15c2da029e": {
            "alias": [
                "/unlimited_2d_zero"
            ], 
            "creationProperties": {
                "allocTime": "H5D_ALLOC_TIME_INCR", 
                "fillTime": "H5D_FILL_TIME_ALLOC", 
                "layout": {
                    "class": "H5D_CHUNKED", 
                    "dims": [
                        10, 
                        10
                    ]
                }
            }, 
            "shape": {
                "class": "H5S_SIMPLE", 
                "dims": [
                    10, 
                    0
                ], 
                "maxdims": [
                    10, 
                    "H5S_UNLIMITED"
                ]
            }, 
            "type": {
                "base": "H5T_STD_I64LE", 
                "class": "H5T_INTEGER"
            }, 
            "value": []
        }
    }, 
    "groups": {
        "a2ca660a-83f8-11e5-a923-3c15c2da029e": {
            "alias": [
                "/"
            ], 
            "links": [
                {
                    "class": "H5L_TYPE_HARD", 
                    "collection": "datasets", 
                    "id": "a2cb8f8a-83f8-11e5-bd8d-3c15c2da029e", 
                    "title": "resizable_1d"
                }, 
                {
                    "class": "H5L_TYPE_HARD", 
                    "collection": "datasets", 
                    "id": "a2cbb01e-83f8-11e5-a241-3c15c2da029e", 
                    "title": "resizable_2d"
                }, 
                {
                    "class": "H5L_TYPE_HARD", 
                    "collection": "datasets", 
                    "id": "a2cbc554-83f8-11e5-9c83-3c15c2da029e", 
                    "title": "unlimited_1d"
                }, 
                {
                    "class": "H5L_TYPE_HARD", 
                    "collection": "datasets", 
                    "id": "a2cbda07-83f8-11e5-b950-3c15c2da029e", 
                    "title": "unlimited_1d_zero"
                }, 
                {
                    "class": "H5L_TYPE_HARD", 
                    "collection": "datasets", 
                    "id": "a2cbeed1-83f8-11e5-9413-3c15c2da029e", 
                    "title": "unlimited_2d"
                }, 
                {
                    "class": "H5L_TYPE_HARD", 
                    "collection": "datasets", 
                    "id": "a2cc0378-83f8-11e5-a265-3c15c2da029e", 
                    "title": "unlimited_2d_zero"
                }
            ]
        }
    }, 
    "root": "a2ca660a-83f8-11e5-a923-3c15c2da029e"
}
