{
    "apiVersion": "1.0.0", 
    "datasets": {
        "a30574fa-83f8-11e5-ab46-3c15c2da029e": {
            "alias": [
                "/DS1"
            ], 
            "attributes": [
                {
                    "name": "A1", 
                    "shape": {
                        "class": "H5S_SCALAR"
                    }, 
                    "type": {
                        "charSet": "H5T_CSET_ASCII", 
                        "class": "H5T_STRING", 
                        "length": 5, 
                        "strPad": "H5T_STR_NULLPAD"
                    }, 
                    "value": "12345"
                }
            ], 
            "creationProperties": {
                "allocTime": "H5D_ALLOC_TIME_LATE", 
                "fillTime": "H5D_FILL_TIME_IFSET", 
                "layout": {
                    "class": "H5D_CONTIGUOUS"
                }
            }, 
            "shape": {
                "class": "H5S_NULL"
            }, 
            "type": {
                "base": "H5T_STD_I32LE", 
                "class": "H5T_INTEGER"
            }, 
            "value": null
        }
    }, 
    "groups": {
        "a304684f-83f8-11e5-8c0a-3c15c2da029e": {
            "alias": [
                "/"
            ], 
            "links": [
                {
                    "class": "H5L_TYPE_HARD", 
                    "collection": "datasets", 
                    "id": "a30574fa-83f8-11e5-ab46-3c15c2da029e", 
                    "title": "DS1"
                }
            ]
        }
    }, 
    "root": "a304684f-83f8-11e5-8c0a-3c15c2da029e"
}
