{
    "apiVersion": "1.0.0", 
    "datasets": {
        "7b6a66f8-4a9d-11e5-aeaa-3c15c2da029e": {
            "alias": [
                "/g1/g1.1/dset1.1.1"
            ], 
            "attributes": [
                {
                    "name": "attr1", 
                    "shape": {
                        "class": "H5S_SIMPLE", 
                        "dims": [
                            27
                        ]
                    }, 
                    "type": {
                        "base": "H5T_STD_I8LE", 
                        "class": "H5T_INTEGER"
                    }, 
                    "value": [
                        49, 
                        115, 
                        116, 
                        32, 
                        97, 
                        116, 
                        116, 
                        114, 
                        105, 
                        98, 
                        117, 
                        116, 
                        101, 
                        32, 
                        111, 
                        102, 
                        32, 
                        100, 
                        115, 
                        101, 
                        116, 
                        49, 
                        46, 
                        49, 
                        46, 
                        49, 
                        0
                    ]
                }, 
                {
                    "name": "attr2", 
                    "shape": {
                        "class": "H5S_SIMPLE", 
                        "dims": [
                            27
                        ]
                    }, 
                    "type": {
                        "base": "H5T_STD_I8LE", 
                        "class": "H5T_INTEGER"
                    }, 
                    "value": [
                        50, 
                        110, 
                        100, 
                        32, 
                        97, 
                        116, 
                        116, 
                        114, 
                        105, 
                        98, 
                        117, 
                        116, 
                        101, 
                        32, 
                        111, 
                        102, 
                        32, 
                        100, 
                        115, 
                        101, 
                        116, 
                        49, 
                        46, 
                        49, 
                        46, 
                        49, 
                        0
                    ]
                }
            ], 
            "creationProperties": {
                "allocTime": "H5D_ALLOC_TIME_LATE", 
                "fillTime": "H5D_FILL_TIME_IFSET", 
                "layout": {
                    "class": "H5D_CONTIGUOUS"
                }
            }, 
            "shape": {
                "class": "H5S_SIMPLE", 
                "dims": [
                    10, 
                    10
                ]
            }, 
            "type": {
                "base": "H5T_STD_I32BE", 
                "class": "H5T_INTEGER"
            }, 
            "value": [
                [
                    0, 
                    0, 
                    0, 
                    0, 
                    0, 
                    0, 
                    0, 
                    0, 
                    0, 
                    0
                ], 
                [
                    0, 
                    1, 
                    2, 
                    3, 
                    4, 
                    5, 
                    6, 
                    7, 
                    8, 
                    9
                ], 
                [
                    0, 
                    2, 
                    4, 
                    6, 
                    8, 
                    10, 
                    12, 
                    14, 
                    16, 
                    18
                ], 
                [
                    0, 
                    3, 
                    6, 
                    9, 
                    12, 
                    15, 
                    18, 
                    21, 
                    24, 
                    27
                ], 
                [
                    0, 
                    4, 
                    8, 
                    12, 
                    16, 
                    20, 
                    24, 
                    28, 
                    32, 
                    36
                ], 
                [
                    0, 
                    5, 
                    10, 
                    15, 
                    20, 
                    25, 
                    30, 
                    35, 
                    40, 
                    45
                ], 
                [
                    0, 
                    6, 
                    12, 
                    18, 
                    24, 
                    30, 
                    36, 
                    42, 
                    48, 
                    54
                ], 
                [
                    0, 
                    7, 
                    14, 
                    21, 
                    28, 
                    35, 
                    42, 
                    49, 
                    56, 
                    63
                ], 
                [
                    0, 
                    8, 
                    16, 
                    24, 
                    32, 
                    40, 
                    48, 
                    56, 
                    64, 
                    72
                ], 
                [
                    0, 
                    9, 
                    18, 
                    27, 
                    36, 
                    45, 
                    54, 
                    63, 
                    72, 
                    81
                ]
            ]
        }, 
        "7b6a884a-4a9d-11e5-861d-3c15c2da029e": {
            "alias": [
                "/g1/g1.1/dset1.1.2"
            ], 
            "creationProperties": {
                "allocTime": "H5D_ALLOC_TIME_LATE", 
                "fillTime": "H5D_FILL_TIME_IFSET", 
                "layout": {
                    "class": "H5D_CONTIGUOUS"
                }
            }, 
            "shape": {
                "class": "H5S_SIMPLE", 
                "dims": [
                    20
                ]
            }, 
            "type": {
                "base": "H5T_STD_I32BE", 
                "class": "H5T_INTEGER"
            }, 
            "value": [
                0, 
                1, 
                2, 
                3, 
                4, 
                5, 
                6, 
                7, 
                8, 
                9, 
                10, 
                11, 
                12, 
                13, 
                14, 
                15, 
                16, 
                17, 
                18, 
                19
            ]
        }, 
        "7b6ae9f3-4a9d-11e5-8686-3c15c2da029e": {
            "alias": [
                "/g2/dset2.1"
            ], 
            "creationProperties": {
                "allocTime": "H5D_ALLOC_TIME_LATE", 
                "fillTime": "H5D_FILL_TIME_IFSET", 
                "layout": {
                    "class": "H5D_CONTIGUOUS"
                }
            }, 
            "shape": {
                "class": "H5S_SIMPLE", 
                "dims": [
                    10
                ]
            }, 
            "type": {
                "base": "H5T_IEEE_F32BE", 
                "class": "H5T_FLOAT"
            }, 
            "value": [
                1.0, 
                1.100000023841858, 
                1.2000000476837158, 
                1.2999999523162842, 
                1.399999976158142, 
                1.5, 
                1.600000023841858, 
                1.7000000476837158, 
                1.7999999523162842, 
                1.899999976158142
            ]
        }, 
        "7b6b00a6-4a9d-11e5-8449-3c15c2da029e": {
            "alias": [
                "/g2/dset2.2"
            ], 
            "creationProperties": {
                "allocTime": "H5D_ALLOC_TIME_LATE", 
                "fillTime": "H5D_FILL_TIME_IFSET", 
                "layout": {
                    "class": "H5D_CONTIGUOUS"
                }
            }, 
            "shape": {
                "class": "H5S_SIMPLE", 
                "dims": [
                    3, 
                    5
                ]
            }, 
            "type": {
                "base": "H5T_IEEE_F32BE", 
                "class": "H5T_FLOAT"
            }, 
            "value": [
                [
                    0.0, 
                    0.10000000149011612, 
                    0.20000000298023224, 
                    0.30000001192092896, 
                    0.4000000059604645
                ], 
                [
                    0.0, 
                    0.20000000298023224, 
                    0.4000000059604645, 
                    0.6000000238418579, 
                    0.800000011920929
                ], 
                [
                    0.0, 
                    0.30000001192092896, 
                    0.6000000238418579, 
                    0.8999999761581421, 
                    1.2000000476837158
                ]
            ]
        }, 
        "7b6b14f5-4a9d-11e5-988b-3c15c2da029e": {
            "alias": [
                "/myrefs"
            ], 
            "creationProperties": {
                "allocTime": "H5D_ALLOC_TIME_LATE", 
                "fillTime": "H5D_FILL_TIME_IFSET", 
                "layout": {
                    "class": "H5D_CONTIGUOUS"
                }
            }, 
            "shape": {
                "class": "H5S_SIMPLE", 
                "dims": [
                    1
                ]
            }, 
            "type": {
                "base": "H5T_STD_REF_DSETREG", 
                "class": "H5T_REFERENCE"
            }, 
            "value": [
                {
                    "id": "7b6b00a6-4a9d-11e5-8449-3c15c2da029e", 
                    "select_type": "H5S_SEL_HYPERSLABS", 
                    "selection": [
                        [
                            [
                                0, 
                                0
                            ], 
                            [
                                3, 
                                4
                            ]
                        ]
                    ]
                }
            ]
        }
    }, 
    "groups": {
        "7b68fd35-4a9d-11e5-928c-3c15c2da029e": {
            "alias": [
                "/"
            ], 
            "attributes": [
                {
                    "name": "attr1", 
                    "shape": {
                        "class": "H5S_SIMPLE", 
                        "dims": [
                            10
                        ]
                    }, 
                    "type": {
                        "base": "H5T_STD_I8LE", 
                        "class": "H5T_INTEGER"
                    }, 
                    "value": [
                        97, 
                        98, 
                        99, 
                        100, 
                        101, 
                        102, 
                        103, 
                        104, 
                        105, 
                        0
                    ]
                }, 
                {
                    "name": "attr2", 
                    "shape": {
                        "class": "H5S_SIMPLE", 
                        "dims": [
                            2, 
                            2
                        ]
                    }, 
                    "type": {
                        "base": "H5T_STD_I32BE", 
                        "class": "H5T_INTEGER"
                    }, 
                    "value": [
                        [
                            0, 
                            1
                        ], 
                        [
                            2, 
                            3
                        ]
                    ]
                }
            ], 
            "links": [
                {
                    "class": "H5L_TYPE_HARD", 
                    "collection": "groups", 
                    "id": "7b6a314c-4a9d-11e5-8bba-3c15c2da029e", 
                    "title": "g1"
                }, 
                {
                    "class": "H5L_TYPE_HARD", 
                    "collection": "groups", 
                    "id": "7b6ad43a-4a9d-11e5-b4f2-3c15c2da029e", 
                    "title": "g2"
                }, 
                {
                    "class": "H5L_TYPE_HARD", 
                    "collection": "datasets", 
                    "id": "7b6b14f5-4a9d-11e5-988b-3c15c2da029e", 
                    "title": "myrefs"
                }
            ]
        }, 
        "7b6a314c-4a9d-11e5-8bba-3c15c2da029e": {
            "alias": [
                "/g1"
            ], 
            "links": [
                {
                    "class": "H5L_TYPE_HARD", 
                    "collection": "groups", 
                    "id": "7b6a4dd9-4a9d-11e5-908f-3c15c2da029e", 
                    "title": "g1.1"
                }, 
                {
                    "class": "H5L_TYPE_HARD", 
                    "collection": "groups", 
                    "id": "7b6aaa78-4a9d-11e5-ba6e-3c15c2da029e", 
                    "title": "g1.2"
                }
            ]
        }, 
        "7b6a4dd9-4a9d-11e5-908f-3c15c2da029e": {
            "alias": [
                "/g1/g1.1"
            ], 
            "links": [
                {
                    "class": "H5L_TYPE_HARD", 
                    "collection": "datasets", 
                    "id": "7b6a66f8-4a9d-11e5-aeaa-3c15c2da029e", 
                    "title": "dset1.1.1"
                }, 
                {
                    "class": "H5L_TYPE_HARD", 
                    "collection": "datasets", 
                    "id": "7b6a884a-4a9d-11e5-861d-3c15c2da029e", 
                    "title": "dset1.1.2"
                }
            ]
        }, 
        "7b6aaa78-4a9d-11e5-ba6e-3c15c2da029e": {
            "alias": [
                "/g1/g1.2"
            ], 
            "links": [
                {
                    "class": "H5L_TYPE_HARD", 
                    "collection": "groups", 
                    "id": "7b6ac011-4a9d-11e5-9676-3c15c2da029e", 
                    "title": "g1.2.1"
                }, 
                {
                    "class": "H5L_TYPE_EXTERNAL", 
                    "file": "somefile", 
                    "h5path": "somepath", 
                    "title": "extlink"
                }
            ]
        }, 
        "7b6ac011-4a9d-11e5-9676-3c15c2da029e": {
            "alias": [
                "/g1/g1.2/g1.2.1"
            ], 
            "links": [
                {
                    "class": "H5L_TYPE_SOFT", 
                    "h5path": "somevalue", 
                    "title": "slink"
                }
            ]
        }, 
        "7b6ad43a-4a9d-11e5-b4f2-3c15c2da029e": {
            "alias": [
                "/g2"
            ], 
            "links": [
                {
                    "class": "H5L_TYPE_HARD", 
                    "collection": "datasets", 
                    "id": "7b6ae9f3-4a9d-11e5-8686-3c15c2da029e", 
                    "title": "dset2.1"
                }, 
                {
                    "class": "H5L_TYPE_HARD", 
                    "collection": "datasets", 
                    "id": "7b6b00a6-4a9d-11e5-8449-3c15c2da029e", 
                    "title": "dset2.2"
                }
            ]
        }
    }, 
    "root": "7b68fd35-4a9d-11e5-928c-3c15c2da029e"
}
