{
    "apiVersion": "1.0.0", 
    "groups": {
        "a35832a1-83f8-11e5-9068-3c15c2da029e": {
            "alias": [
                "/"
            ], 
            "links": [
                {
                    "class": "H5L_TYPE_HARD", 
                    "collection": "groups", 
                    "id": "a35942f8-83f8-11e5-8b76-3c15c2da029e", 
                    "title": "g1"
                }, 
                {
                    "class": "H5L_TYPE_HARD", 
                    "collection": "groups", 
                    "id": "a3598600-83f8-11e5-89e5-3c15c2da029e", 
                    "title": "g2"
                }, 
                {
                    "class": "H5L_TYPE_HARD", 
                    "collection": "groups", 
                    "id": "a359e59e-83f8-11e5-891b-3c15c2da029e", 
                    "title": "g3"
                }
            ]
        }, 
        "a35942f8-83f8-11e5-8b76-3c15c2da029e": {
            "alias": [
                "/g1"
            ], 
            "links": [
                {
                    "class": "H5L_TYPE_HARD", 
                    "collection": "groups", 
                    "id": "a35961a1-83f8-11e5-90cb-3c15c2da029e", 
                    "title": "g1.1"
                }, 
                {
                    "class": "H5L_TYPE_HARD", 
                    "collection": "groups", 
                    "id": "a3597438-83f8-11e5-8ec0-3c15c2da029e", 
                    "title": "g1.2"
                }
            ]
        }, 
        "a35961a1-83f8-11e5-90cb-3c15c2da029e": {
            "alias": [
                "/g1/g1.1"
            ]
        }, 
        "a3597438-83f8-11e5-8ec0-3c15c2da029e": {
            "alias": [
                "/g1/g1.2"
            ]
        }, 
        "a3598600-83f8-11e5-89e5-3c15c2da029e": {
            "alias": [
                "/g2"
            ], 
            "links": [
                {
                    "class": "H5L_TYPE_HARD", 
                    "collection": "groups", 
                    "id": "a3599800-83f8-11e5-9158-3c15c2da029e", 
                    "title": "g2.1"
                }
            ]
        }, 
        "a3599800-83f8-11e5-9158-3c15c2da029e": {
            "alias": [
                "/g2/g2.1"
            ], 
            "links": [
                {
                    "class": "H5L_TYPE_HARD", 
                    "collection": "groups", 
                    "id": "a359afc0-83f8-11e5-a663-3c15c2da029e", 
                    "title": "g2.1.1"
                }, 
                {
                    "class": "H5L_TYPE_HARD", 
                    "collection": "groups", 
                    "id": "a359c228-83f8-11e5-b3e7-3c15c2da029e", 
                    "title": "g2.1.2"
                }, 
                {
                    "class": "H5L_TYPE_HARD", 
                    "collection": "groups", 
                    "id": "a359d414-83f8-11e5-a6d9-3c15c2da029e", 
                    "title": "g2.1.3"
                }
            ]
        }, 
        "a359afc0-83f8-11e5-a663-3c15c2da029e": {
            "alias": [
                "/g2/g2.1/g2.1.1"
            ]
        }, 
        "a359c228-83f8-11e5-b3e7-3c15c2da029e": {
            "alias": [
                "/g2/g2.1/g2.1.2"
            ]
        }, 
        "a359d414-83f8-11e5-a6d9-3c15c2da029e": {
            "alias": [
                "/g2/g2.1/g2.1.3"
            ]
        }, 
        "a359e59e-83f8-11e5-891b-3c15c2da029e": {
            "alias": [
                "/g3"
            ], 
            "links": [
                {
                    "class": "H5L_TYPE_HARD", 
                    "collection": "groups", 
                    "id": "a359f7b5-83f8-11e5-ae26-3c15c2da029e", 
                    "title": "g3.1"
                }, 
                {
                    "class": "H5L_TYPE_HARD", 
                    "collection": "groups", 
                    "id": "a35a0940-83f8-11e5-8a1a-3c15c2da029e", 
                    "title": "g3.2"
                }, 
                {
                    "class": "H5L_TYPE_HARD", 
                    "collection": "groups", 
                    "id": "a35a1b7d-83f8-11e5-b5ec-3c15c2da029e", 
                    "title": "g3.3"
                }, 
                {
                    "class": "H5L_TYPE_HARD", 
                    "collection": "groups", 
                    "id": "a35a2e17-83f8-11e5-b6b0-3c15c2da029e", 
                    "title": "g3.4"
                }
            ]
        }, 
        "a359f7b5-83f8-11e5-ae26-3c15c2da029e": {
            "alias": [
                "/g3/g3.1"
            ]
        }, 
        "a35a0940-83f8-11e5-8a1a-3c15c2da029e": {
            "alias": [
                "/g3/g3.2"
            ]
        }, 
        "a35a1b7d-83f8-11e5-b5ec-3c15c2da029e": {
            "alias": [
                "/g3/g3.3"
            ]
        }, 
        "a35a2e17-83f8-11e5-b6b0-3c15c2da029e": {
            "alias": [
                "/g3/g3.4"
            ]
        }
    }, 
    "root": "a35832a1-83f8-11e5-9068-3c15c2da029e"
}
