{
    "apiVersion": "1.1.1",
    "datasets": {
        "c074a970-a3c0-11eb-a2f5-8c8590747994": {
            "alias": [
                "/comp1"
            ],
            "creationProperties": {
                "allocTime": "H5D_ALLOC_TIME_LATE",
                "fillTime": "H5D_FILL_TIME_IFSET",
                "layout": {
                    "class": "H5D_CONTIGUOUS"
                }
            },
            "shape": {
                "class": "H5S_SIMPLE",
                "dims": [
                    3,
                    6
                ]
            },
            "type": {
                "class": "H5T_COMPOUND",
                "fields": [
                    {
                        "name": "int_array",
                        "type": {
                            "base": {
                                "base": "H5T_STD_I32BE",
                                "class": "H5T_INTEGER"
                            },
                            "class": "H5T_ARRAY",
                            "dims": [
                                8,
                                10
                            ]
                        }
                    },
                    {
                        "name": "string",
                        "type": {
                            "base": {
                                "charSet": "H5T_CSET_ASCII",
                                "class": "H5T_STRING",
                                "length": 32,
                                "strPad": "H5T_STR_NULLPAD"
                            },
                            "class": "H5T_ARRAY",
                            "dims": [
                                3,
                                4
                            ]
                        }
                    }
                ]
            },
            "value": [
                [
                    [
                        [
                            [
                                0,
                                1,
                                4,
                                9,
                                16,
                                25,
                                36,
                                49,
                                64,
                                81
                            ],
                            [
                                1,
                                4,
                                9,
                                16,
                                25,
                                36,
                                49,
                                64,
                                81,
                                100
                            ],
                            [
                                4,
                                9,
                                16,
                                25,
                                36,
                                49,
                                64,
                                81,
                                100,
                                121
                            ],
                            [
                                9,
                                16,
                                25,
                                36,
                                49,
                                64,
                                81,
                                100,
                                121,
                                144
                            ],
                            [
                                16,
                                25,
                                36,
                                49,
                                64,
                                81,
                                100,
                                121,
                                144,
                                169
                            ],
                            [
                                25,
                                36,
                                49,
                                64,
                                81,
                                100,
                                121,
                                144,
                                169,
                                196
                            ],
                            [
                                36,
                                49,
                                64,
                                81,
                                100,
                                121,
                                144,
                                169,
                                196,
                                225
                            ],
                            [
                                49,
                                64,
                                81,
                                100,
                                121,
                                144,
                                169,
                                196,
                                225,
                                256
                            ]
                        ],
                        [
                            [
                                "abcdefgh12345678abcdefgh12345678",
                                "abcdefgh12345678abcdefgh12345678",
                                "abcdefgh12345678abcdefgh12345678",
                                "abcdefgh12345678abcdefgh12345678"
                            ],
                            [
                                "abcdefgh12345678abcdefgh12345678",
                                "abcdefgh12345678abcdefgh12345678",
                                "abcdefgh12345678abcdefgh12345678",
                                "abcdefgh12345678abcdefgh12345678"
                            ],
                            [
                                "abcdefgh12345678abcdefgh12345678",
                                "abcdefgh12345678abcdefgh12345678",
                                "abcdefgh12345678abcdefgh12345678",
                                "abcdefgh12345678abcdefgh12345678"
                            ]
                        ]
                    ],
                    [
                        [
                            [
                                1,
                                4,
                                9,
                                16,
                                25,
                                36,
                                49,
                                64,
                                81,
                                100
                            ],
                            [
                                4,
                                9,
                                16,
                                25,
                                36,
                                49,
                                64,
                                81,
                                100,
                                121
                            ],
                            [
                                9,
                                16,
                                25,
                                36,
                                49,
                                64,
                                81,
                                100,
                                121,
                                144
                            ],
                            [
                                16,
                                25,
                                36,
                                49,
                                64,
                                81,
                                100,
                                121,
                                144,
                                169
                            ],
                            [
                                25,
                                36,
                                49,
                                64,
                                81,
                                100,
                                121,
                                144,
                                169,
                                196
                            ],
                            [
                                36,
                                49,
                                64,
                                81,
                                100,
                                121,
                                144,
                                169,
                                196,
                                225
                            ],
                            [
                                49,
                                64,
                                81,
                                100,
                                121,
                                144,
                                169,
                                196,
                                225,
                                256
                            ],
                            [
                                64,
                                81,
                                100,
                                121,
                                144,
                                169,
                                196,
                                225,
                                256,
                                289
                            ]
                        ],
                        [
                            [
                                "abcdefgh12345678abcdefgh12345678",
                                "abcdefgh12345678abcdefgh12345678",
                                "abcdefgh12345678abcdefgh12345678",
                                "abcdefgh12345678abcdefgh12345678"
                            ],
                            [
                                "abcdefgh12345678abcdefgh12345678",
                                "abcdefgh12345678abcdefgh12345678",
                                "abcdefgh12345678abcdefgh12345678",
                                "abcdefgh12345678abcdefgh12345678"
                            ],
                            [
                                "abcdefgh12345678abcdefgh12345678",
                                "abcdefgh12345678abcdefgh12345678",
                                "abcdefgh12345678abcdefgh12345678",
                                "abcdefgh12345678abcdefgh12345678"
                            ]
                        ]
                    ],
                    [
                        [
                            [
                                4,
                                9,
                                16,
                                25,
                                36,
                                49,
                                64,
                                81,
                                100,
                                121
                            ],
                            [
                                9,
                                16,
                                25,
                                36,
                                49,
                                64,
                                81,
                                100,
                                121,
                                144
                            ],
                            [
                                16,
                                25,
                                36,
                                49,
                                64,
                                81,
                                100,
                                121,
                                144,
                                169
                            ],
                            [
                                25,
                                36,
                                49,
                                64,
                                81,
                                100,
                                121,
                                144,
                                169,
                                196
                            ],
                            [
                                36,
                                49,
                                64,
                                81,
                                100,
                                121,
                                144,
                                169,
                                196,
                                225
                            ],
                            [
                                49,
                                64,
                                81,
                                100,
                                121,
                                144,
                                169,
                                196,
                                225,
                                256
                            ],
                            [
                                64,
                                81,
                                100,
                                121,
                                144,
                                169,
                                196,
                                225,
                                256,
                                289
                            ],
                            [
                                81,
                                100,
                                121,
                                144,
                                169,
                                196,
                                225,
                                256,
                                289,
                                324
                            ]
                        ],
                        [
                            [
                                "abcdefgh12345678abcdefgh12345678",
                                "abcdefgh12345678abcdefgh12345678",
                                "abcdefgh12345678abcdefgh12345678",
                                "abcdefgh12345678abcdefgh12345678"
                            ],
                            [
                                "abcdefgh12345678abcdefgh12345678",
                                "abcdefgh12345678abcdefgh12345678",
                                "abcdefgh12345678abcdefgh12345678",
                                "abcdefgh12345678abcdefgh12345678"
                            ],
                            [
                                "abcdefgh12345678abcdefgh12345678",
                                "abcdefgh12345678abcdefgh12345678",
                                "abcdefgh12345678abcdefgh12345678",
                                "abcdefgh12345678abcdefgh12345678"
                            ]
                        ]
                    ],
                    [
                        [
                            [
                                9,
                                16,
                                25,
                                36,
                                49,
                                64,
                                81,
                                100,
                                121,
                                144
                            ],
                            [
                                16,
                                25,
                                36,
                                49,
                                64,
                                81,
                                100,
                                121,
                                144,
                                169
                            ],
                            [
                                25,
                                36,
                                49,
                                64,
                                81,
                                100,
                                121,
                                144,
                                169,
                                196
                            ],
                            [
                                36,
                                49,
                                64,
                                81,
                                100,
                                121,
                                144,
                                169,
                                196,
                                225
                            ],
                            [
                                49,
                                64,
                                81,
                                100,
                                121,
                                144,
                                169,
                                196,
                                225,
                                256
                            ],
                            [
                                64,
                                81,
                                100,
                                121,
                                144,
                                169,
                                196,
                                225,
                                256,
                                289
                            ],
                            [
                                81,
                                100,
                                121,
                                144,
                                169,
                                196,
                                225,
                                256,
                                289,
                                324
                            ],
                            [
                                100,
                                121,
                                144,
                                169,
                                196,
                                225,
                                256,
                                289,
                                324,
                                361
                            ]
                        ],
                        [
                            [
                                "abcdefgh12345678abcdefgh12345678",
                                "abcdefgh12345678abcdefgh12345678",
                                "abcdefgh12345678abcdefgh12345678",
                                "abcdefgh12345678abcdefgh12345678"
                            ],
                            [
                                "abcdefgh12345678abcdefgh12345678",
                                "abcdefgh12345678abcdefgh12345678",
                                "abcdefgh12345678abcdefgh12345678",
                                "abcdefgh12345678abcdefgh12345678"
                            ],
                            [
                                "abcdefgh12345678abcdefgh12345678",
                                "abcdefgh12345678abcdefgh12345678",
                                "abcdefgh12345678abcdefgh12345678",
                                "abcdefgh12345678abcdefgh12345678"
                            ]
                        ]
                    ],
                    [
                        [
                            [
                                16,
                                25,
                                36,
                                49,
                                64,
                                81,
                                100,
                                121,
                                144,
                                169
                            ],
                            [
                                25,
                                36,
                                49,
                                64,
                                81,
                                100,
                                121,
                                144,
                                169,
                                196
                            ],
                            [
                                36,
                                49,
                                64,
                                81,
                                100,
                                121,
                                144,
                                169,
                                196,
                                225
                            ],
                            [
                                49,
                                64,
                                81,
                                100,
                                121,
                                144,
                                169,
                                196,
                                225,
                                256
                            ],
                            [
                                64,
                                81,
                                100,
                                121,
                                144,
                                169,
                                196,
                                225,
                                256,
                                289
                            ],
                            [
                                81,
                                100,
                                121,
                                144,
                                169,
                                196,
                                225,
                                256,
                                289,
                                324
                            ],
                            [
                                100,
                                121,
                                144,
                                169,
                                196,
                                225,
                                256,
                                289,
                                324,
                                361
                            ],
                            [
                                121,
                                144,
                                169,
                                196,
                                225,
                                256,
                                289,
                                324,
                                361,
                                400
                            ]
                        ],
                        [
                            [
                                "abcdefgh12345678abcdefgh12345678",
                                "abcdefgh12345678abcdefgh12345678",
                                "abcdefgh12345678abcdefgh12345678",
                                "abcdefgh12345678abcdefgh12345678"
                            ],
                            [
                                "abcdefgh12345678abcdefgh12345678",
                                "abcdefgh12345678abcdefgh12345678",
                                "abcdefgh12345678abcdefgh12345678",
                                "abcdefgh12345678abcdefgh12345678"
                            ],
                            [
                                "abcdefgh12345678abcdefgh12345678",
                                "abcdefgh12345678abcdefgh12345678",
                                "abcdefgh12345678abcdefgh12345678",
                                "abcdefgh12345678abcdefgh12345678"
                            ]
                        ]
                    ],
                    [
                        [
                            [
                                25,
                                36,
                                49,
                                64,
                                81,
                                100,
                                121,
                                144,
                                169,
                                196
                            ],
                            [
                                36,
                                49,
                                64,
                                81,
                                100,
                                121,
                                144,
                                169,
                                196,
                                225
                            ],
                            [
                                49,
                                64,
                                81,
                                100,
                                121,
                                144,
                                169,
                                196,
                                225,
                                256
                            ],
                            [
                                64,
                                81,
                                100,
                                121,
                                144,
                                169,
                                196,
                                225,
                                256,
                                289
                            ],
                            [
                                81,
                                100,
                                121,
                                144,
                                169,
                                196,
                                225,
                                256,
                                289,
                                324
                            ],
                            [
                                100,
                                121,
                                144,
                                169,
                                196,
                                225,
                                256,
                                289,
                                324,
                                361
                            ],
                            [
                                121,
                                144,
                                169,
                                196,
                                225,
                                256,
                                289,
                                324,
                                361,
                                400
                            ],
                            [
                                144,
                                169,
                                196,
                                225,
                                256,
                                289,
                                324,
                                361,
                                400,
                                441
                            ]
                        ],
                        [
                            [
                                "abcdefgh12345678abcdefgh12345678",
                                "abcdefgh12345678abcdefgh12345678",
                                "abcdefgh12345678abcdefgh12345678",
                                "abcdefgh12345678abcdefgh12345678"
                            ],
                            [
                                "abcdefgh12345678abcdefgh12345678",
                                "abcdefgh12345678abcdefgh12345678",
                                "abcdefgh12345678abcdefgh12345678",
                                "abcdefgh12345678abcdefgh12345678"
                            ],
                            [
                                "abcdefgh12345678abcdefgh12345678",
                                "abcdefgh12345678abcdefgh12345678",
                                "abcdefgh12345678abcdefgh12345678",
                                "abcdefgh12345678abcdefgh12345678"
                            ]
                        ]
                    ]
                ],
                [
                    [
                        [
                            [
                                0,
                                1,
                                4,
                                9,
                                16,
                                25,
                                36,
                                49,
                                64,
                                81
                            ],
                            [
                                1,
                                4,
                                9,
                                16,
                                25,
                                36,
                                49,
                                64,
                                81,
                                100
                            ],
                            [
                                4,
                                9,
                                16,
                                25,
                                36,
                                49,
                                64,
                                81,
                                100,
                                121
                            ],
                            [
                                9,
                                16,
                                25,
                                36,
                                49,
                                64,
                                81,
                                100,
                                121,
                                144
                            ],
                            [
                                16,
                                25,
                                36,
                                49,
                                64,
                                81,
                                100,
                                121,
                                144,
                                169
                            ],
                            [
                                25,
                                36,
                                49,
                                64,
                                81,
                                100,
                                121,
                                144,
                                169,
                                196
                            ],
                            [
                                36,
                                49,
                                64,
                                81,
                                100,
                                121,
                                144,
                                169,
                                196,
                                225
                            ],
                            [
                                49,
                                64,
                                81,
                                100,
                                121,
                                144,
                                169,
                                196,
                                225,
                                256
                            ]
                        ],
                        [
                            [
                                "abcdefgh12345678abcdefgh12345678",
                                "abcdefgh12345678abcdefgh12345678",
                                "abcdefgh12345678abcdefgh12345678",
                                "abcdefgh12345678abcdefgh12345678"
                            ],
                            [
                                "abcdefgh12345678abcdefgh12345678",
                                "abcdefgh12345678abcdefgh12345678",
                                "abcdefgh12345678abcdefgh12345678",
                                "abcdefgh12345678abcdefgh12345678"
                            ],
                            [
                                "abcdefgh12345678abcdefgh12345678",
                                "abcdefgh12345678abcdefgh12345678",
                                "abcdefgh12345678abcdefgh12345678",
                                "abcdefgh12345678abcdefgh12345678"
                            ]
                        ]
                    ],
                    [
                        [
                            [
                                1,
                                4,
                                9,
                                16,
                                25,
                                36,
                                49,
                                64,
                                81,
                                100
                            ],
                            [
                                4,
                                9,
                                16,
                                25,
                                36,
                                49,
                                64,
                                81,
                                100,
                                121
                            ],
                            [
                                9,
                                16,
                                25,
                                36,
                                49,
                                64,
                                81,
                                100,
                                121,
                                144
                            ],
                            [
                                16,
                                25,
                                36,
                                49,
                                64,
                                81,
                                100,
                                121,
                                144,
                                169
                            ],
                            [
                                25,
                                36,
                                49,
                                64,
                                81,
                                100,
                                121,
                                144,
                                169,
                                196
                            ],
                            [
                                36,
                                49,
                                64,
                                81,
                                100,
                                121,
                                144,
                                169,
                                196,
                                225
                            ],
                            [
                                49,
                                64,
                                81,
                                100,
                                121,
                                144,
                                169,
                                196,
                                225,
                                256
                            ],
                            [
                                64,
                                81,
                                100,
                                121,
                                144,
                                169,
                                196,
                                225,
                                256,
                                289
                            ]
                        ],
                        [
                            [
                                "abcdefgh12345678abcdefgh12345678",
                                "abcdefgh12345678abcdefgh12345678",
                                "abcdefgh12345678abcdefgh12345678",
                                "abcdefgh12345678abcdefgh12345678"
                            ],
                            [
                                "abcdefgh12345678abcdefgh12345678",
                                "abcdefgh12345678abcdefgh12345678",
                                "abcdefgh12345678abcdefgh12345678",
                                "abcdefgh12345678abcdefgh12345678"
                            ],
                            [
                                "abcdefgh12345678abcdefgh12345678",
                                "abcdefgh12345678abcdefgh12345678",
                                "abcdefgh12345678abcdefgh12345678",
                                "abcdefgh12345678abcdefgh12345678"
                            ]
                        ]
                    ],
                    [
                        [
                            [
                                4,
                                9,
                                16,
                                25,
                                36,
                                49,
                                64,
                                81,
                                100,
                                121
                            ],
                            [
                                9,
                                16,
                                25,
                                36,
                                49,
                                64,
                                81,
                                100,
                                121,
                                144
                            ],
                            [
                                16,
                                25,
                                36,
                                49,
                                64,
                                81,
                                100,
                                121,
                                144,
                                169
                            ],
                            [
                                25,
                                36,
                                49,
                                64,
                                81,
                                100,
                                121,
                                144,
                                169,
                                196
                            ],
                            [
                                36,
                                49,
                                64,
                                81,
                                100,
                                121,
                                144,
                                169,
                                196,
                                225
                            ],
                            [
                                49,
                                64,
                                81,
                                100,
                                121,
                                144,
                                169,
                                196,
                                225,
                                256
                            ],
                            [
                                64,
                                81,
                                100,
                                121,
                                144,
                                169,
                                196,
                                225,
                                256,
                                289
                            ],
                            [
                                81,
                                100,
                                121,
                                144,
                                169,
                                196,
                                225,
                                256,
                                289,
                                324
                            ]
                        ],
                        [
                            [
                                "abcdefgh12345678abcdefgh12345678",
                                "abcdefgh12345678abcdefgh12345678",
                                "abcdefgh12345678abcdefgh12345678",
                                "abcdefgh12345678abcdefgh12345678"
                            ],
                            [
                                "abcdefgh12345678abcdefgh12345678",
                                "abcdefgh12345678abcdefgh12345678",
                                "abcdefgh12345678abcdefgh12345678",
                                "abcdefgh12345678abcdefgh12345678"
                            ],
                            [
                                "abcdefgh12345678abcdefgh12345678",
                                "abcdefgh12345678abcdefgh12345678",
                                "abcdefgh12345678abcdefgh12345678",
                                "abcdefgh12345678abcdefgh12345678"
                            ]
                        ]
                    ],
                    [
                        [
                            [
                                9,
                                16,
                                25,
                                36,
                                49,
                                64,
                                81,
                                100,
                                121,
                                144
                            ],
                            [
                                16,
                                25,
                                36,
                                49,
                                64,
                                81,
                                100,
                                121,
                                144,
                                169
                            ],
                            [
                                25,
                                36,
                                49,
                                64,
                                81,
                                100,
                                121,
                                144,
                                169,
                                196
                            ],
                            [
                                36,
                                49,
                                64,
                                81,
                                100,
                                121,
                                144,
                                169,
                                196,
                                225
                            ],
                            [
                                49,
                                64,
                                81,
                                100,
                                121,
                                144,
                                169,
                                196,
                                225,
                                256
                            ],
                            [
                                64,
                                81,
                                100,
                                121,
                                144,
                                169,
                                196,
                                225,
                                256,
                                289
                            ],
                            [
                                81,
                                100,
                                121,
                                144,
                                169,
                                196,
                                225,
                                256,
                                289,
                                324
                            ],
                            [
                                100,
                                121,
                                144,
                                169,
                                196,
                                225,
                                256,
                                289,
                                324,
                                361
                            ]
                        ],
                        [
                            [
                                "abcdefgh12345678abcdefgh12345678",
                                "abcdefgh12345678abcdefgh12345678",
                                "abcdefgh12345678abcdefgh12345678",
                                "abcdefgh12345678abcdefgh12345678"
                            ],
                            [
                                "abcdefgh12345678abcdefgh12345678",
                                "abcdefgh12345678abcdefgh12345678",
                                "abcdefgh12345678abcdefgh12345678",
                                "abcdefgh12345678abcdefgh12345678"
                            ],
                            [
                                "abcdefgh12345678abcdefgh12345678",
                                "abcdefgh12345678abcdefgh12345678",
                                "abcdefgh12345678abcdefgh12345678",
                                "abcdefgh12345678abcdefgh12345678"
                            ]
                        ]
                    ],
                    [
                        [
                            [
                                16,
                                25,
                                36,
                                49,
                                64,
                                81,
                                100,
                                121,
                                144,
                                169
                            ],
                            [
                                25,
                                36,
                                49,
                                64,
                                81,
                                100,
                                121,
                                144,
                                169,
                                196
                            ],
                            [
                                36,
                                49,
                                64,
                                81,
                                100,
                                121,
                                144,
                                169,
                                196,
                                225
                            ],
                            [
                                49,
                                64,
                                81,
                                100,
                                121,
                                144,
                                169,
                                196,
                                225,
                                256
                            ],
                            [
                                64,
                                81,
                                100,
                                121,
                                144,
                                169,
                                196,
                                225,
                                256,
                                289
                            ],
                            [
                                81,
                                100,
                                121,
                                144,
                                169,
                                196,
                                225,
                                256,
                                289,
                                324
                            ],
                            [
                                100,
                                121,
                                144,
                                169,
                                196,
                                225,
                                256,
                                289,
                                324,
                                361
                            ],
                            [
                                121,
                                144,
                                169,
                                196,
                                225,
                                256,
                                289,
                                324,
                                361,
                                400
                            ]
                        ],
                        [
                            [
                                "abcdefgh12345678abcdefgh12345678",
                                "abcdefgh12345678abcdefgh12345678",
                                "abcdefgh12345678abcdefgh12345678",
                                "abcdefgh12345678abcdefgh12345678"
                            ],
                            [
                                "abcdefgh12345678abcdefgh12345678",
                                "abcdefgh12345678abcdefgh12345678",
                                "abcdefgh12345678abcdefgh12345678",
                                "abcdefgh12345678abcdefgh12345678"
                            ],
                            [
                                "abcdefgh12345678abcdefgh12345678",
                                "abcdefgh12345678abcdefgh12345678",
                                "abcdefgh12345678abcdefgh12345678",
                                "abcdefgh12345678abcdefgh12345678"
                            ]
                        ]
                    ],
                    [
                        [
                            [
                                25,
                                36,
                                49,
                                64,
                                81,
                                100,
                                121,
                                144,
                                169,
                                196
                            ],
                            [
                                36,
                                49,
                                64,
                                81,
                                100,
                                121,
                                144,
                                169,
                                196,
                                225
                            ],
                            [
                                49,
                                64,
                                81,
                                100,
                                121,
                                144,
                                169,
                                196,
                                225,
                                256
                            ],
                            [
                                64,
                                81,
                                100,
                                121,
                                144,
                                169,
                                196,
                                225,
                                256,
                                289
                            ],
                            [
                                81,
                                100,
                                121,
                                144,
                                169,
                                196,
                                225,
                                256,
                                289,
                                324
                            ],
                            [
                                100,
                                121,
                                144,
                                169,
                                196,
                                225,
                                256,
                                289,
                                324,
                                361
                            ],
                            [
                                121,
                                144,
                                169,
                                196,
                                225,
                                256,
                                289,
                                324,
                                361,
                                400
                            ],
                            [
                                144,
                                169,
                                196,
                                225,
                                256,
                                289,
                                324,
                                361,
                                400,
                                441
                            ]
                        ],
                        [
                            [
                                "abcdefgh12345678abcdefgh12345678",
                                "abcdefgh12345678abcdefgh12345678",
                                "abcdefgh12345678abcdefgh12345678",
                                "abcdefgh12345678abcdefgh12345678"
                            ],
                            [
                                "abcdefgh12345678abcdefgh12345678",
                                "abcdefgh12345678abcdefgh12345678",
                                "abcdefgh12345678abcdefgh12345678",
                                "abcdefgh12345678abcdefgh12345678"
                            ],
                            [
                                "abcdefgh12345678abcdefgh12345678",
                                "abcdefgh12345678abcdefgh12345678",
                                "abcdefgh12345678abcdefgh12345678",
                                "abcdefgh12345678abcdefgh12345678"
                            ]
                        ]
                    ]
                ],
                [
                    [
                        [
                            [
                                0,
                                1,
                                4,
                                9,
                                16,
                                25,
                                36,
                                49,
                                64,
                                81
                            ],
                            [
                                1,
                                4,
                                9,
                                16,
                                25,
                                36,
                                49,
                                64,
                                81,
                                100
                            ],
                            [
                                4,
                                9,
                                16,
                                25,
                                36,
                                49,
                                64,
                                81,
                                100,
                                121
                            ],
                            [
                                9,
                                16,
                                25,
                                36,
                                49,
                                64,
                                81,
                                100,
                                121,
                                144
                            ],
                            [
                                16,
                                25,
                                36,
                                49,
                                64,
                                81,
                                100,
                                121,
                                144,
                                169
                            ],
                            [
                                25,
                                36,
                                49,
                                64,
                                81,
                                100,
                                121,
                                144,
                                169,
                                196
                            ],
                            [
                                36,
                                49,
                                64,
                                81,
                                100,
                                121,
                                144,
                                169,
                                196,
                                225
                            ],
                            [
                                49,
                                64,
                                81,
                                100,
                                121,
                                144,
                                169,
                                196,
                                225,
                                256
                            ]
                        ],
                        [
                            [
                                "abcdefgh12345678abcdefgh12345678",
                                "abcdefgh12345678abcdefgh12345678",
                                "abcdefgh12345678abcdefgh12345678",
                                "abcdefgh12345678abcdefgh12345678"
                            ],
                            [
                                "abcdefgh12345678abcdefgh12345678",
                                "abcdefgh12345678abcdefgh12345678",
                                "abcdefgh12345678abcdefgh12345678",
                                "abcdefgh12345678abcdefgh12345678"
                            ],
                            [
                                "abcdefgh12345678abcdefgh12345678",
                                "abcdefgh12345678abcdefgh12345678",
                                "abcdefgh12345678abcdefgh12345678",
                                "abcdefgh12345678abcdefgh12345678"
                            ]
                        ]
                    ],
                    [
                        [
                            [
                                1,
                                4,
                                9,
                                16,
                                25,
                                36,
                                49,
                                64,
                                81,
                                100
                            ],
                            [
                                4,
                                9,
                                16,
                                25,
                                36,
                                49,
                                64,
                                81,
                                100,
                                121
                            ],
                            [
                                9,
                                16,
                                25,
                                36,
                                49,
                                64,
                                81,
                                100,
                                121,
                                144
                            ],
                            [
                                16,
                                25,
                                36,
                                49,
                                64,
                                81,
                                100,
                                121,
                                144,
                                169
                            ],
                            [
                                25,
                                36,
                                49,
                                64,
                                81,
                                100,
                                121,
                                144,
                                169,
                                196
                            ],
                            [
                                36,
                                49,
                                64,
                                81,
                                100,
                                121,
                                144,
                                169,
                                196,
                                225
                            ],
                            [
                                49,
                                64,
                                81,
                                100,
                                121,
                                144,
                                169,
                                196,
                                225,
                                256
                            ],
                            [
                                64,
                                81,
                                100,
                                121,
                                144,
                                169,
                                196,
                                225,
                                256,
                                289
                            ]
                        ],
                        [
                            [
                                "abcdefgh12345678abcdefgh12345678",
                                "abcdefgh12345678abcdefgh12345678",
                                "abcdefgh12345678abcdefgh12345678",
                                "abcdefgh12345678abcdefgh12345678"
                            ],
                            [
                                "abcdefgh12345678abcdefgh12345678",
                                "abcdefgh12345678abcdefgh12345678",
                                "abcdefgh12345678abcdefgh12345678",
                                "abcdefgh12345678abcdefgh12345678"
                            ],
                            [
                                "abcdefgh12345678abcdefgh12345678",
                                "abcdefgh12345678abcdefgh12345678",
                                "abcdefgh12345678abcdefgh12345678",
                                "abcdefgh12345678abcdefgh12345678"
                            ]
                        ]
                    ],
                    [
                        [
                            [
                                4,
                                9,
                                16,
                                25,
                                36,
                                49,
                                64,
                                81,
                                100,
                                121
                            ],
                            [
                                9,
                                16,
                                25,
                                36,
                                49,
                                64,
                                81,
                                100,
                                121,
                                144
                            ],
                            [
                                16,
                                25,
                                36,
                                49,
                                64,
                                81,
                                100,
                                121,
                                144,
                                169
                            ],
                            [
                                25,
                                36,
                                49,
                                64,
                                81,
                                100,
                                121,
                                144,
                                169,
                                196
                            ],
                            [
                                36,
                                49,
                                64,
                                81,
                                100,
                                121,
                                144,
                                169,
                                196,
                                225
                            ],
                            [
                                49,
                                64,
                                81,
                                100,
                                121,
                                144,
                                169,
                                196,
                                225,
                                256
                            ],
                            [
                                64,
                                81,
                                100,
                                121,
                                144,
                                169,
                                196,
                                225,
                                256,
                                289
                            ],
                            [
                                81,
                                100,
                                121,
                                144,
                                169,
                                196,
                                225,
                                256,
                                289,
                                324
                            ]
                        ],
                        [
                            [
                                "abcdefgh12345678abcdefgh12345678",
                                "abcdefgh12345678abcdefgh12345678",
                                "abcdefgh12345678abcdefgh12345678",
                                "abcdefgh12345678abcdefgh12345678"
                            ],
                            [
                                "abcdefgh12345678abcdefgh12345678",
                                "abcdefgh12345678abcdefgh12345678",
                                "abcdefgh12345678abcdefgh12345678",
                                "abcdefgh12345678abcdefgh12345678"
                            ],
                            [
                                "abcdefgh12345678abcdefgh12345678",
                                "abcdefgh12345678abcdefgh12345678",
                                "abcdefgh12345678abcdefgh12345678",
                                "abcdefgh12345678abcdefgh12345678"
                            ]
                        ]
                    ],
                    [
                        [
                            [
                                9,
                                16,
                                25,
                                36,
                                49,
                                64,
                                81,
                                100,
                                121,
                                144
                            ],
                            [
                                16,
                                25,
                                36,
                                49,
                                64,
                                81,
                                100,
                                121,
                                144,
                                169
                            ],
                            [
                                25,
                                36,
                                49,
                                64,
                                81,
                                100,
                                121,
                                144,
                                169,
                                196
                            ],
                            [
                                36,
                                49,
                                64,
                                81,
                                100,
                                121,
                                144,
                                169,
                                196,
                                225
                            ],
                            [
                                49,
                                64,
                                81,
                                100,
                                121,
                                144,
                                169,
                                196,
                                225,
                                256
                            ],
                            [
                                64,
                                81,
                                100,
                                121,
                                144,
                                169,
                                196,
                                225,
                                256,
                                289
                            ],
                            [
                                81,
                                100,
                                121,
                                144,
                                169,
                                196,
                                225,
                                256,
                                289,
                                324
                            ],
                            [
                                100,
                                121,
                                144,
                                169,
                                196,
                                225,
                                256,
                                289,
                                324,
                                361
                            ]
                        ],
                        [
                            [
                                "abcdefgh12345678abcdefgh12345678",
                                "abcdefgh12345678abcdefgh12345678",
                                "abcdefgh12345678abcdefgh12345678",
                                "abcdefgh12345678abcdefgh12345678"
                            ],
                            [
                                "abcdefgh12345678abcdefgh12345678",
                                "abcdefgh12345678abcdefgh12345678",
                                "abcdefgh12345678abcdefgh12345678",
                                "abcdefgh12345678abcdefgh12345678"
                            ],
                            [
                                "abcdefgh12345678abcdefgh12345678",
                                "abcdefgh12345678abcdefgh12345678",
                                "abcdefgh12345678abcdefgh12345678",
                                "abcdefgh12345678abcdefgh12345678"
                            ]
                        ]
                    ],
                    [
                        [
                            [
                                16,
                                25,
                                36,
                                49,
                                64,
                                81,
                                100,
                                121,
                                144,
                                169
                            ],
                            [
                                25,
                                36,
                                49,
                                64,
                                81,
                                100,
                                121,
                                144,
                                169,
                                196
                            ],
                            [
                                36,
                                49,
                                64,
                                81,
                                100,
                                121,
                                144,
                                169,
                                196,
                                225
                            ],
                            [
                                49,
                                64,
                                81,
                                100,
                                121,
                                144,
                                169,
                                196,
                                225,
                                256
                            ],
                            [
                                64,
                                81,
                                100,
                                121,
                                144,
                                169,
                                196,
                                225,
                                256,
                                289
                            ],
                            [
                                81,
                                100,
                                121,
                                144,
                                169,
                                196,
                                225,
                                256,
                                289,
                                324
                            ],
                            [
                                100,
                                121,
                                144,
                                169,
                                196,
                                225,
                                256,
                                289,
                                324,
                                361
                            ],
                            [
                                121,
                                144,
                                169,
                                196,
                                225,
                                256,
                                289,
                                324,
                                361,
                                400
                            ]
                        ],
                        [
                            [
                                "abcdefgh12345678abcdefgh12345678",
                                "abcdefgh12345678abcdefgh12345678",
                                "abcdefgh12345678abcdefgh12345678",
                                "abcdefgh12345678abcdefgh12345678"
                            ],
                            [
                                "abcdefgh12345678abcdefgh12345678",
                                "abcdefgh12345678abcdefgh12345678",
                                "abcdefgh12345678abcdefgh12345678",
                                "abcdefgh12345678abcdefgh12345678"
                            ],
                            [
                                "abcdefgh12345678abcdefgh12345678",
                                "abcdefgh12345678abcdefgh12345678",
                                "abcdefgh12345678abcdefgh12345678",
                                "abcdefgh12345678abcdefgh12345678"
                            ]
                        ]
                    ],
                    [
                        [
                            [
                                25,
                                36,
                                49,
                                64,
                                81,
                                100,
                                121,
                                144,
                                169,
                                196
                            ],
                            [
                                36,
                                49,
                                64,
                                81,
                                100,
                                121,
                                144,
                                169,
                                196,
                                225
                            ],
                            [
                                49,
                                64,
                                81,
                                100,
                                121,
                                144,
                                169,
                                196,
                                225,
                                256
                            ],
                            [
                                64,
                                81,
                                100,
                                121,
                                144,
                                169,
                                196,
                                225,
                                256,
                                289
                            ],
                            [
                                81,
                                100,
                                121,
                                144,
                                169,
                                196,
                                225,
                                256,
                                289,
                                324
                            ],
                            [
                                100,
                                121,
                                144,
                                169,
                                196,
                                225,
                                256,
                                289,
                                324,
                                361
                            ],
                            [
                                121,
                                144,
                                169,
                                196,
                                225,
                                256,
                                289,
                                324,
                                361,
                                400
                            ],
                            [
                                144,
                                169,
                                196,
                                225,
                                256,
                                289,
                                324,
                                361,
                                400,
                                441
                            ]
                        ],
                        [
                            [
                                "abcdefgh12345678abcdefgh12345678",
                                "abcdefgh12345678abcdefgh12345678",
                                "abcdefgh12345678abcdefgh12345678",
                                "abcdefgh12345678abcdefgh12345678"
                            ],
                            [
                                "abcdefgh12345678abcdefgh12345678",
                                "abcdefgh12345678abcdefgh12345678",
                                "abcdefgh12345678abcdefgh12345678",
                                "abcdefgh12345678abcdefgh12345678"
                            ],
                            [
                                "abcdefgh12345678abcdefgh12345678",
                                "abcdefgh12345678abcdefgh12345678",
                                "abcdefgh12345678abcdefgh12345678",
                                "abcdefgh12345678abcdefgh12345678"
                            ]
                        ]
                    ]
                ]
            ]
        },
        "c074d06c-a3c0-11eb-a2f5-8c8590747994": {
            "alias": [
                "/string1"
            ],
            "creationProperties": {
                "allocTime": "H5D_ALLOC_TIME_LATE",
                "fillTime": "H5D_FILL_TIME_IFSET",
                "layout": {
                    "class": "H5D_CONTIGUOUS"
                }
            },
            "shape": {
                "class": "H5S_SIMPLE",
                "dims": [
                    3,
                    4
                ]
            },
            "type": {
                "charSet": "H5T_CSET_ASCII",
                "class": "H5T_STRING",
                "length": 5,
                "strPad": "H5T_STR_NULLPAD"
            },
            "value": [
                [
                    "s1",
                    "s2",
                    "s3",
                    "s4"
                ],
                [
                    "s5",
                    "s6",
                    "s7",
                    "s8"
                ],
                [
                    "s9",
                    "s0",
                    "s1",
                    "s2"
                ]
            ]
        },
        "c074f484-a3c0-11eb-a2f5-8c8590747994": {
            "alias": [
                "/string2"
            ],
            "creationProperties": {
                "allocTime": "H5D_ALLOC_TIME_LATE",
                "fillTime": "H5D_FILL_TIME_IFSET",
                "layout": {
                    "class": "H5D_CONTIGUOUS"
                }
            },
            "shape": {
                "class": "H5S_SIMPLE",
                "dims": [
                    20
                ]
            },
            "type": {
                "charSet": "H5T_CSET_ASCII",
                "class": "H5T_STRING",
                "length": 11,
                "strPad": "H5T_STR_NULLPAD"
            },
            "value": [
                "ab cd ef1",
                "ab cd ef2",
                "ab cd ef3",
                "ab cd ef4",
                "ab cd ef5",
                "ab cd ef6",
                "ab cd ef7",
                "ab cd ef8",
                "ab cd ef9",
                "ab cd ef0",
                "ab cd ef1",
                "ab cd ef2",
                "ab cd ef3",
                "ab cd ef4",
                "ab cd ef5",
                "ab cd ef6",
                "ab cd ef7",
                "ab cd ef8",
                "ab cd ef9",
                "ab cd ef0"
            ]
        },
        "c07518e2-a3c0-11eb-a2f5-8c8590747994": {
            "alias": [
                "/string3"
            ],
            "creationProperties": {
                "allocTime": "H5D_ALLOC_TIME_LATE",
                "fillTime": "H5D_FILL_TIME_IFSET",
                "layout": {
                    "class": "H5D_CONTIGUOUS"
                }
            },
            "shape": {
                "class": "H5S_SIMPLE",
                "dims": [
                    27
                ]
            },
            "type": {
                "charSet": "H5T_CSET_ASCII",
                "class": "H5T_STRING",
                "length": 8,
                "strPad": "H5T_STR_NULLPAD"
            },
            "value": [
                "abcd0",
                "abcd1",
                "abcd2",
                "abcd3",
                "abcd4",
                "abcd5",
                "abcd6",
                "abcd7",
                "abcd8",
                "abcd9",
                "abcd0",
                "abcd1",
                "abcd2",
                "abcd3",
                "abcd4",
                "abcd5",
                "abcd6",
                "abcd7",
                "abcd8",
                "abcd9",
                "abcd0",
                "abcd1",
                "abcd2",
                "abcd3",
                "abcd4",
                "abcd5",
                "abcd6"
            ]
        },
        "c0753e1c-a3c0-11eb-a2f5-8c8590747994": {
            "alias": [
                "/string4"
            ],
            "creationProperties": {
                "allocTime": "H5D_ALLOC_TIME_LATE",
                "fillTime": "H5D_FILL_TIME_IFSET",
                "layout": {
                    "class": "H5D_CONTIGUOUS"
                }
            },
            "shape": {
                "class": "H5S_SIMPLE",
                "dims": [
                    3
                ]
            },
            "type": {
                "charSet": "H5T_CSET_ASCII",
                "class": "H5T_STRING",
                "length": 168,
                "strPad": "H5T_STR_NULLPAD"
            },
            "value": [
                "s1234567890123456789",
                "s1234567890123456789",
                "s1234567890123456789"
            ]
        }
    },
    "groups": {
        "c07445ac-a3c0-11eb-a2f5-8c8590747994": {
            "alias": [
                "/"
            ],
            "links": [
                {
                    "class": "H5L_TYPE_HARD",
                    "collection": "datasets",
                    "id": "c074a970-a3c0-11eb-a2f5-8c8590747994",
                    "title": "comp1"
                },
                {
                    "class": "H5L_TYPE_HARD",
                    "collection": "datasets",
                    "id": "c074d06c-a3c0-11eb-a2f5-8c8590747994",
                    "title": "string1"
                },
                {
                    "class": "H5L_TYPE_HARD",
                    "collection": "datasets",
                    "id": "c074f484-a3c0-11eb-a2f5-8c8590747994",
                    "title": "string2"
                },
                {
                    "class": "H5L_TYPE_HARD",
                    "collection": "datasets",
                    "id": "c07518e2-a3c0-11eb-a2f5-8c8590747994",
                    "title": "string3"
                },
                {
                    "class": "H5L_TYPE_HARD",
                    "collection": "datasets",
                    "id": "c0753e1c-a3c0-11eb-a2f5-8c8590747994",
                    "title": "string4"
                }
            ]
        }
    },
    "root": "c07445ac-a3c0-11eb-a2f5-8c8590747994"
}
