{
    "apiVersion": "1.0.0", 
    "datasets": {
        "a3b7d4ba-83f8-11e5-95aa-3c15c2da029e": {
            "alias": [
                "/H5T_IEEE_F32BE"
            ], 
            "creationProperties": {
                "allocTime": "H5D_ALLOC_TIME_LATE", 
                "fillTime": "H5D_FILL_TIME_IFSET", 
                "layout": {
                    "class": "H5D_CONTIGUOUS"
                }
            }, 
            "shape": {
                "class": "H5S_SIMPLE", 
                "dims": [
                    10
                ]
            }, 
            "type": {
                "base": "H5T_IEEE_F32BE", 
                "class": "H5T_FLOAT"
            }, 
            "value": [
                0.0, 
                1.0, 
                2.0, 
                3.0, 
                4.0, 
                5.0, 
                6.0, 
                7.0, 
                8.0, 
                9.0
            ]
        }, 
        "a3b7eeb5-83f8-11e5-88a2-3c15c2da029e": {
            "alias": [
                "/H5T_IEEE_F32LE"
            ], 
            "creationProperties": {
                "allocTime": "H5D_ALLOC_TIME_LATE", 
                "fillTime": "H5D_FILL_TIME_IFSET", 
                "layout": {
                    "class": "H5D_CONTIGUOUS"
                }
            }, 
            "shape": {
                "class": "H5S_SIMPLE", 
                "dims": [
                    10
                ]
            }, 
            "type": {
                "base": "H5T_IEEE_F32LE", 
                "class": "H5T_FLOAT"
            }, 
            "value": [
                0.0, 
                1.0, 
                2.0, 
                3.0, 
                4.0, 
                5.0, 
                6.0, 
                7.0, 
                8.0, 
                9.0
            ]
        }, 
        "a3b8061c-83f8-11e5-a2d4-3c15c2da029e": {
            "alias": [
                "/H5T_IEEE_F64BE"
            ], 
            "creationProperties": {
                "allocTime": "H5D_ALLOC_TIME_LATE", 
                "fillTime": "H5D_FILL_TIME_IFSET", 
                "layout": {
                    "class": "H5D_CONTIGUOUS"
                }
            }, 
            "shape": {
                "class": "H5S_SIMPLE", 
                "dims": [
                    10
                ]
            }, 
            "type": {
                "base": "H5T_IEEE_F64BE", 
                "class": "H5T_FLOAT"
            }, 
            "value": [
                0.0, 
                1.0, 
                2.0, 
                3.0, 
                4.0, 
                5.0, 
                6.0, 
                7.0, 
                8.0, 
                9.0
            ]
        }, 
        "a3b81e17-83f8-11e5-a1e4-3c15c2da029e": {
            "alias": [
                "/H5T_IEEE_F64LE"
            ], 
            "creationProperties": {
                "allocTime": "H5D_ALLOC_TIME_LATE", 
                "fillTime": "H5D_FILL_TIME_IFSET", 
                "layout": {
                    "class": "H5D_CONTIGUOUS"
                }
            }, 
            "shape": {
                "class": "H5S_SIMPLE", 
                "dims": [
                    10
                ]
            }, 
            "type": {
                "base": "H5T_IEEE_F64LE", 
                "class": "H5T_FLOAT"
            }, 
            "value": [
                0.0, 
                1.0, 
                2.0, 
                3.0, 
                4.0, 
                5.0, 
                6.0, 
                7.0, 
                8.0, 
                9.0
            ]
        }, 
        "a3b833cf-83f8-11e5-8c66-3c15c2da029e": {
            "alias": [
                "/H5T_STD_I16BE"
            ], 
            "creationProperties": {
                "allocTime": "H5D_ALLOC_TIME_LATE", 
                "fillTime": "H5D_FILL_TIME_IFSET", 
                "layout": {
                    "class": "H5D_CONTIGUOUS"
                }
            }, 
            "shape": {
                "class": "H5S_SIMPLE", 
                "dims": [
                    10
                ]
            }, 
            "type": {
                "base": "H5T_STD_I16BE", 
                "class": "H5T_INTEGER"
            }, 
            "value": [
                0, 
                1, 
                2, 
                3, 
                4, 
                5, 
                6, 
                7, 
                8, 
                9
            ]
        }, 
        "a3b8599e-83f8-11e5-9c9c-3c15c2da029e": {
            "alias": [
                "/H5T_STD_I16LE"
            ], 
            "creationProperties": {
                "allocTime": "H5D_ALLOC_TIME_LATE", 
                "fillTime": "H5D_FILL_TIME_IFSET", 
                "layout": {
                    "class": "H5D_CONTIGUOUS"
                }
            }, 
            "shape": {
                "class": "H5S_SIMPLE", 
                "dims": [
                    10
                ]
            }, 
            "type": {
                "base": "H5T_STD_I16LE", 
                "class": "H5T_INTEGER"
            }, 
            "value": [
                0, 
                1, 
                2, 
                3, 
                4, 
                5, 
                6, 
                7, 
                8, 
                9
            ]
        }, 
        "a3b87138-83f8-11e5-ae6d-3c15c2da029e": {
            "alias": [
                "/H5T_STD_I32BE"
            ], 
            "creationProperties": {
                "allocTime": "H5D_ALLOC_TIME_LATE", 
                "fillTime": "H5D_FILL_TIME_IFSET", 
                "layout": {
                    "class": "H5D_CONTIGUOUS"
                }
            }, 
            "shape": {
                "class": "H5S_SIMPLE", 
                "dims": [
                    10
                ]
            }, 
            "type": {
                "base": "H5T_STD_I32BE", 
                "class": "H5T_INTEGER"
            }, 
            "value": [
                0, 
                1, 
                2, 
                3, 
                4, 
                5, 
                6, 
                7, 
                8, 
                9
            ]
        }, 
        "a3b884ca-83f8-11e5-a913-3c15c2da029e": {
            "alias": [
                "/H5T_STD_I32LE"
            ], 
            "creationProperties": {
                "allocTime": "H5D_ALLOC_TIME_LATE", 
                "fillTime": "H5D_FILL_TIME_IFSET", 
                "layout": {
                    "class": "H5D_CONTIGUOUS"
                }
            }, 
            "shape": {
                "class": "H5S_SIMPLE", 
                "dims": [
                    10
                ]
            }, 
            "type": {
                "base": "H5T_STD_I32LE", 
                "class": "H5T_INTEGER"
            }, 
            "value": [
                0, 
                1, 
                2, 
                3, 
                4, 
                5, 
                6, 
                7, 
                8, 
                9
            ]
        }, 
        "a3b89870-83f8-11e5-9119-3c15c2da029e": {
            "alias": [
                "/H5T_STD_I64BE"
            ], 
            "creationProperties": {
                "allocTime": "H5D_ALLOC_TIME_LATE", 
                "fillTime": "H5D_FILL_TIME_IFSET", 
                "layout": {
                    "class": "H5D_CONTIGUOUS"
                }
            }, 
            "shape": {
                "class": "H5S_SIMPLE", 
                "dims": [
                    10
                ]
            }, 
            "type": {
                "base": "H5T_STD_I64BE", 
                "class": "H5T_INTEGER"
            }, 
            "value": [
                0, 
                1, 
                2, 
                3, 
                4, 
                5, 
                6, 
                7, 
                8, 
                9
            ]
        }, 
        "a3b8abe3-83f8-11e5-82c3-3c15c2da029e": {
            "alias": [
                "/H5T_STD_I64LE"
            ], 
            "creationProperties": {
                "allocTime": "H5D_ALLOC_TIME_LATE", 
                "fillTime": "H5D_FILL_TIME_IFSET", 
                "layout": {
                    "class": "H5D_CONTIGUOUS"
                }
            }, 
            "shape": {
                "class": "H5S_SIMPLE", 
                "dims": [
                    10
                ]
            }, 
            "type": {
                "base": "H5T_STD_I64LE", 
                "class": "H5T_INTEGER"
            }, 
            "value": [
                0, 
                1, 
                2, 
                3, 
                4, 
                5, 
                6, 
                7, 
                8, 
                9
            ]
        }, 
        "a3b8bf8a-83f8-11e5-96ca-3c15c2da029e": {
            "alias": [
                "/H5T_STD_I8BE"
            ], 
            "creationProperties": {
                "allocTime": "H5D_ALLOC_TIME_LATE", 
                "fillTime": "H5D_FILL_TIME_IFSET", 
                "layout": {
                    "class": "H5D_CONTIGUOUS"
                }
            }, 
            "shape": {
                "class": "H5S_SIMPLE", 
                "dims": [
                    10
                ]
            }, 
            "type": {
                "base": "H5T_STD_I8LE", 
                "class": "H5T_INTEGER"
            }, 
            "value": [
                0, 
                1, 
                2, 
                3, 
                4, 
                5, 
                6, 
                7, 
                8, 
                9
            ]
        }, 
        "a3b8d34c-83f8-11e5-a564-3c15c2da029e": {
            "alias": [
                "/H5T_STD_I8LE"
            ], 
            "creationProperties": {
                "allocTime": "H5D_ALLOC_TIME_LATE", 
                "fillTime": "H5D_FILL_TIME_IFSET", 
                "layout": {
                    "class": "H5D_CONTIGUOUS"
                }
            }, 
            "shape": {
                "class": "H5S_SIMPLE", 
                "dims": [
                    10
                ]
            }, 
            "type": {
                "base": "H5T_STD_I8LE", 
                "class": "H5T_INTEGER"
            }, 
            "value": [
                0, 
                1, 
                2, 
                3, 
                4, 
                5, 
                6, 
                7, 
                8, 
                9
            ]
        }, 
        "a3b8e6fd-83f8-11e5-8b7e-3c15c2da029e": {
            "alias": [
                "/H5T_STD_U16BE"
            ], 
            "creationProperties": {
                "allocTime": "H5D_ALLOC_TIME_LATE", 
                "fillTime": "H5D_FILL_TIME_IFSET", 
                "layout": {
                    "class": "H5D_CONTIGUOUS"
                }
            }, 
            "shape": {
                "class": "H5S_SIMPLE", 
                "dims": [
                    10
                ]
            }, 
            "type": {
                "base": "H5T_STD_U16BE", 
                "class": "H5T_INTEGER"
            }, 
            "value": [
                0, 
                1, 
                2, 
                3, 
                4, 
                5, 
                6, 
                7, 
                8, 
                9
            ]
        }, 
        "a3b8fac2-83f8-11e5-aff8-3c15c2da029e": {
            "alias": [
                "/H5T_STD_U16LE"
            ], 
            "creationProperties": {
                "allocTime": "H5D_ALLOC_TIME_LATE", 
                "fillTime": "H5D_FILL_TIME_IFSET", 
                "layout": {
                    "class": "H5D_CONTIGUOUS"
                }
            }, 
            "shape": {
                "class": "H5S_SIMPLE", 
                "dims": [
                    10
                ]
            }, 
            "type": {
                "base": "H5T_STD_U16LE", 
                "class": "H5T_INTEGER"
            }, 
            "value": [
                0, 
                1, 
                2, 
                3, 
                4, 
                5, 
                6, 
                7, 
                8, 
                9
            ]
        }, 
        "a3b90e4a-83f8-11e5-a3a0-3c15c2da029e": {
            "alias": [
                "/H5T_STD_U32BE"
            ], 
            "creationProperties": {
                "allocTime": "H5D_ALLOC_TIME_LATE", 
                "fillTime": "H5D_FILL_TIME_IFSET", 
                "layout": {
                    "class": "H5D_CONTIGUOUS"
                }
            }, 
            "shape": {
                "class": "H5S_SIMPLE", 
                "dims": [
                    10
                ]
            }, 
            "type": {
                "base": "H5T_STD_U32BE", 
                "class": "H5T_INTEGER"
            }, 
            "value": [
                0, 
                1, 
                2, 
                3, 
                4, 
                5, 
                6, 
                7, 
                8, 
                9
            ]
        }, 
        "a3b92240-83f8-11e5-8cc5-3c15c2da029e": {
            "alias": [
                "/H5T_STD_U32LE"
            ], 
            "creationProperties": {
                "allocTime": "H5D_ALLOC_TIME_LATE", 
                "fillTime": "H5D_FILL_TIME_IFSET", 
                "layout": {
                    "class": "H5D_CONTIGUOUS"
                }
            }, 
            "shape": {
                "class": "H5S_SIMPLE", 
                "dims": [
                    10
                ]
            }, 
            "type": {
                "base": "H5T_STD_U32LE", 
                "class": "H5T_INTEGER"
            }, 
            "value": [
                0, 
                1, 
                2, 
                3, 
                4, 
                5, 
                6, 
                7, 
                8, 
                9
            ]
        }, 
        "a3b9360f-83f8-11e5-9a03-3c15c2da029e": {
            "alias": [
                "/H5T_STD_U64BE"
            ], 
            "creationProperties": {
                "allocTime": "H5D_ALLOC_TIME_LATE", 
                "fillTime": "H5D_FILL_TIME_IFSET", 
                "layout": {
                    "class": "H5D_CONTIGUOUS"
                }
            }, 
            "shape": {
                "class": "H5S_SIMPLE", 
                "dims": [
                    10
                ]
            }, 
            "type": {
                "base": "H5T_STD_U64BE", 
                "class": "H5T_INTEGER"
            }, 
            "value": [
                0, 
                1, 
                2, 
                3, 
                4, 
                5, 
                6, 
                7, 
                8, 
                9
            ]
        }, 
        "a3b94a05-83f8-11e5-94f5-3c15c2da029e": {
            "alias": [
                "/H5T_STD_U64LE"
            ], 
            "creationProperties": {
                "allocTime": "H5D_ALLOC_TIME_LATE", 
                "fillTime": "H5D_FILL_TIME_IFSET", 
                "layout": {
                    "class": "H5D_CONTIGUOUS"
                }
            }, 
            "shape": {
                "class": "H5S_SIMPLE", 
                "dims": [
                    10
                ]
            }, 
            "type": {
                "base": "H5T_STD_U64LE", 
                "class": "H5T_INTEGER"
            }, 
            "value": [
                0, 
                1, 
                2, 
                3, 
                4, 
                5, 
                6, 
                7, 
                8, 
                9
            ]
        }, 
        "a3b95e21-83f8-11e5-a78e-3c15c2da029e": {
            "alias": [
                "/H5T_STD_U8BE"
            ], 
            "creationProperties": {
                "allocTime": "H5D_ALLOC_TIME_LATE", 
                "fillTime": "H5D_FILL_TIME_IFSET", 
                "layout": {
                    "class": "H5D_CONTIGUOUS"
                }
            }, 
            "shape": {
                "class": "H5S_SIMPLE", 
                "dims": [
                    10
                ]
            }, 
            "type": {
                "base": "H5T_STD_U8LE", 
                "class": "H5T_INTEGER"
            }, 
            "value": [
                0, 
                1, 
                2, 
                3, 
                4, 
                5, 
                6, 
                7, 
                8, 
                9
            ]
        }, 
        "a3b971dc-83f8-11e5-9afc-3c15c2da029e": {
            "alias": [
                "/H5T_STD_U8LE"
            ], 
            "creationProperties": {
                "allocTime": "H5D_ALLOC_TIME_LATE", 
                "fillTime": "H5D_FILL_TIME_IFSET", 
                "layout": {
                    "class": "H5D_CONTIGUOUS"
                }
            }, 
            "shape": {
                "class": "H5S_SIMPLE", 
                "dims": [
                    10
                ]
            }, 
            "type": {
                "base": "H5T_STD_U8LE", 
                "class": "H5T_INTEGER"
            }, 
            "value": [
                0, 
                1, 
                2, 
                3, 
                4, 
                5, 
                6, 
                7, 
                8, 
                9
            ]
        }
    }, 
    "groups": {
        "a3b6b405-83f8-11e5-9db2-3c15c2da029e": {
            "alias": [
                "/"
            ], 
            "links": [
                {
                    "class": "H5L_TYPE_HARD", 
                    "collection": "datasets", 
                    "id": "a3b7d4ba-83f8-11e5-95aa-3c15c2da029e", 
                    "title": "H5T_IEEE_F32BE"
                }, 
                {
                    "class": "H5L_TYPE_HARD", 
                    "collection": "datasets", 
                    "id": "a3b7eeb5-83f8-11e5-88a2-3c15c2da029e", 
                    "title": "H5T_IEEE_F32LE"
                }, 
                {
                    "class": "H5L_TYPE_HARD", 
                    "collection": "datasets", 
                    "id": "a3b8061c-83f8-11e5-a2d4-3c15c2da029e", 
                    "title": "H5T_IEEE_F64BE"
                }, 
                {
                    "class": "H5L_TYPE_HARD", 
                    "collection": "datasets", 
                    "id": "a3b81e17-83f8-11e5-a1e4-3c15c2da029e", 
                    "title": "H5T_IEEE_F64LE"
                }, 
                {
                    "class": "H5L_TYPE_HARD", 
                    "collection": "datasets", 
                    "id": "a3b833cf-83f8-11e5-8c66-3c15c2da029e", 
                    "title": "H5T_STD_I16BE"
                }, 
                {
                    "class": "H5L_TYPE_HARD", 
                    "collection": "datasets", 
                    "id": "a3b8599e-83f8-11e5-9c9c-3c15c2da029e", 
                    "title": "H5T_STD_I16LE"
                }, 
                {
                    "class": "H5L_TYPE_HARD", 
                    "collection": "datasets", 
                    "id": "a3b87138-83f8-11e5-ae6d-3c15c2da029e", 
                    "title": "H5T_STD_I32BE"
                }, 
                {
                    "class": "H5L_TYPE_HARD", 
                    "collection": "datasets", 
                    "id": "a3b884ca-83f8-11e5-a913-3c15c2da029e", 
                    "title": "H5T_STD_I32LE"
                }, 
                {
                    "class": "H5L_TYPE_HARD", 
                    "collection": "datasets", 
                    "id": "a3b89870-83f8-11e5-9119-3c15c2da029e", 
                    "title": "H5T_STD_I64BE"
                }, 
                {
                    "class": "H5L_TYPE_HARD", 
                    "collection": "datasets", 
                    "id": "a3b8abe3-83f8-11e5-82c3-3c15c2da029e", 
                    "title": "H5T_STD_I64LE"
                }, 
                {
                    "class": "H5L_TYPE_HARD", 
                    "collection": "datasets", 
                    "id": "a3b8bf8a-83f8-11e5-96ca-3c15c2da029e", 
                    "title": "H5T_STD_I8BE"
                }, 
                {
                    "class": "H5L_TYPE_HARD", 
                    "collection": "datasets", 
                    "id": "a3b8d34c-83f8-11e5-a564-3c15c2da029e", 
                    "title": "H5T_STD_I8LE"
                }, 
                {
                    "class": "H5L_TYPE_HARD", 
                    "collection": "datasets", 
                    "id": "a3b8e6fd-83f8-11e5-8b7e-3c15c2da029e", 
                    "title": "H5T_STD_U16BE"
                }, 
                {
                    "class": "H5L_TYPE_HARD", 
                    "collection": "datasets", 
                    "id": "a3b8fac2-83f8-11e5-aff8-3c15c2da029e", 
                    "title": "H5T_STD_U16LE"
                }, 
                {
                    "class": "H5L_TYPE_HARD", 
                    "collection": "datasets", 
                    "id": "a3b90e4a-83f8-11e5-a3a0-3c15c2da029e", 
                    "title": "H5T_STD_U32BE"
                }, 
                {
                    "class": "H5L_TYPE_HARD", 
                    "collection": "datasets", 
                    "id": "a3b92240-83f8-11e5-8cc5-3c15c2da029e", 
                    "title": "H5T_STD_U32LE"
                }, 
                {
                    "class": "H5L_TYPE_HARD", 
                    "collection": "datasets", 
                    "id": "a3b9360f-83f8-11e5-9a03-3c15c2da029e", 
                    "title": "H5T_STD_U64BE"
                }, 
                {
                    "class": "H5L_TYPE_HARD", 
                    "collection": "datasets", 
                    "id": "a3b94a05-83f8-11e5-94f5-3c15c2da029e", 
                    "title": "H5T_STD_U64LE"
                }, 
                {
                    "class": "H5L_TYPE_HARD", 
                    "collection": "datasets", 
                    "id": "a3b95e21-83f8-11e5-a78e-3c15c2da029e", 
                    "title": "H5T_STD_U8BE"
                }, 
                {
                    "class": "H5L_TYPE_HARD", 
                    "collection": "datasets", 
                    "id": "a3b971dc-83f8-11e5-9afc-3c15c2da029e", 
                    "title": "H5T_STD_U8LE"
                }
            ]
        }
    }, 
    "root": "a3b6b405-83f8-11e5-9db2-3c15c2da029e"
}
