{
    "apiVersion": "1.0.0", 
    "datasets": {
        "a3f57ede-83f8-11e5-9989-3c15c2da029e": {
            "alias": [
                "/DS1"
            ], 
            "creationProperties": {
                "allocTime": "H5D_ALLOC_TIME_LATE", 
                "fillTime": "H5D_FILL_TIME_ALLOC", 
                "layout": {
                    "class": "H5D_CONTIGUOUS"
                }
            }, 
            "shape": {
                "class": "H5S_SIMPLE", 
                "dims": [
                    2
                ]
            }, 
            "type": {
                "base": {
                    "base": "H5T_STD_I32LE", 
                    "class": "H5T_INTEGER"
                }, 
                "class": "H5T_VLEN"
            }, 
            "value": [
                [
                    3, 
                    2, 
                    1
                ], 
                [
                    1, 
                    1, 
                    2, 
                    3, 
                    5, 
                    8, 
                    13, 
                    21, 
                    34, 
                    55, 
                    89, 
                    144
                ]
            ]
        }
    }, 
    "groups": {
        "a3f42e45-83f8-11e5-96b4-3c15c2da029e": {
            "alias": [
                "/"
            ], 
            "links": [
                {
                    "class": "H5L_TYPE_HARD", 
                    "collection": "datasets", 
                    "id": "a3f57ede-83f8-11e5-9989-3c15c2da029e", 
                    "title": "DS1"
                }
            ]
        }
    }, 
    "root": "a3f42e45-83f8-11e5-96b4-3c15c2da029e"
}
