{
    "apiVersion": "1.0.0", 
    "datasets": {
        "a456ef66-83f8-11e5-a520-3c15c2da029e": {
            "alias": [
                "/DS1"
            ], 
            "creationProperties": {
                "allocTime": "H5D_ALLOC_TIME_LATE", 
                "fillTime": "H5D_FILL_TIME_ALLOC", 
                "layout": {
                    "class": "H5D_CONTIGUOUS"
                }
            }, 
            "shape": {
                "class": "H5S_SIMPLE", 
                "dims": [
                    4
                ]
            }, 
            "type": {
                "charSet": "H5T_CSET_ASCII", 
                "class": "H5T_STRING", 
                "length": "H5T_VARIABLE", 
                "strPad": "H5T_STR_NULLTERM"
            }, 
            "value": [
                "This", 
                "is a", 
                "nullterm", 
                "string."
            ]
        }
    }, 
    "groups": {
        "a455e273-83f8-11e5-9afc-3c15c2da029e": {
            "alias": [
                "/"
            ], 
            "links": [
                {
                    "class": "H5L_TYPE_HARD", 
                    "collection": "datasets", 
                    "id": "a456ef66-83f8-11e5-a520-3c15c2da029e", 
                    "title": "DS1"
                }
            ]
        }
    }, 
    "root": "a455e273-83f8-11e5-9afc-3c15c2da029e"
}
