{
    "apiVersion": "1.0.0", 
    "datasets": {
        "a43ea082-83f8-11e5-9c02-3c15c2da029e": {
            "alias": [
                "/DS1"
            ], 
            "attributes": [
                {
                    "name": "A1", 
                    "shape": {
                        "class": "H5S_SIMPLE", 
                        "dims": [
                            4
                        ]
                    }, 
                    "type": {
                        "charSet": "H5T_CSET_ASCII", 
                        "class": "H5T_STRING", 
                        "length": "H5T_VARIABLE", 
                        "strPad": "H5T_STR_NULLTERM"
                    }, 
                    "value": [
                        "This", 
                        "is a", 
                        "nullterm", 
                        "string."
                    ]
                }
            ], 
            "creationProperties": {
                "allocTime": "H5D_ALLOC_TIME_LATE", 
                "fillTime": "H5D_FILL_TIME_IFSET", 
                "layout": {
                    "class": "H5D_CONTIGUOUS"
                }
            }, 
            "shape": {
                "class": "H5S_NULL"
            }, 
            "type": {
                "base": "H5T_STD_I32LE", 
                "class": "H5T_INTEGER"
            }, 
            "value": null
        }
    }, 
    "groups": {
        "a43d8a57-83f8-11e5-90d2-3c15c2da029e": {
            "alias": [
                "/"
            ], 
            "links": [
                {
                    "class": "H5L_TYPE_HARD", 
                    "collection": "datasets", 
                    "id": "a43ea082-83f8-11e5-9c02-3c15c2da029e", 
                    "title": "DS1"
                }
            ]
        }
    }, 
    "root": "a43d8a57-83f8-11e5-90d2-3c15c2da029e"
}
