{
    "apiVersion": "1.0.0", 
    "datasets": {
        "a426a4a8-83f8-11e5-adba-3c15c2da029e": {
            "alias": [
                "/DS1"
            ], 
            "creationProperties": {
                "allocTime": "H5D_ALLOC_TIME_LATE", 
                "fillTime": "H5D_FILL_TIME_ALLOC", 
                "layout": {
                    "class": "H5D_CONTIGUOUS"
                }
            }, 
            "shape": {
                "class": "H5S_SIMPLE", 
                "dims": [
                    4
                ]
            }, 
            "type": {
                "charSet": "H5T_CSET_ASCII", 
                "class": "H5T_STRING", 
                "length": "H5T_VARIABLE", 
                "strPad": "H5T_STR_NULLTERM"
            }, 
            "value": [
                "Parting", 
                "is such", 
                "sweet", 
                "sorrow."
            ]
        }
    }, 
    "groups": {
        "a4258e94-83f8-11e5-b113-3c15c2da029e": {
            "alias": [
                "/"
            ], 
            "links": [
                {
                    "class": "H5L_TYPE_HARD", 
                    "collection": "datasets", 
                    "id": "a426a4a8-83f8-11e5-adba-3c15c2da029e", 
                    "title": "DS1"
                }
            ]
        }
    }, 
    "root": "a4258e94-83f8-11e5-b113-3c15c2da029e"
}
