{
    "apiVersion": "0.0.0",
    "datasets": {
        "23674021-7bed-11e4-aba3-3c15c2da029e": {
            "shape": {
                "class": "H5S_SIMPLE", 
                "dims": [2], 
                "maxdims": [2]
            }, 
            "type": {
                "base": "H5T_STD_REF_OBJ", 
                "class": "H5T_REFERENCE"
            }, 
            "value": [
                "groups/23676461-7bed-11e4-b95c-3c15c2da029e", 
                "datasets/23675094-7bed-11e4-b08a-3c15c2da029e"
            ]
        }, 
        "23675094-7bed-11e4-b08a-3c15c2da029e": {
            "shape": {
                "class": "H5S_NULL"
            }, 
            "type": {
                "base": "H5T_STD_I32LE", 
                "class": "H5T_INTEGER"
            }, 
            "value": null
        }
    }, 
    "groups": {
        "2365cacf-7bed-11e4-b15d-3c15c2da029e": {
            "links": [
                {
		    "class": "H5L_TYPE_HARD",
                    "title": "DS1",
		    "collection": "datasets",
                    "id": "23674021-7bed-11e4-aba3-3c15c2da029e"
                }, 
                {
		    "class": "H5L_TYPE_HARD",
                    "title": "DS2",
		    "collection": "datasets",
                    "id": "23675094-7bed-11e4-b08a-3c15c2da029e"
                }, 
                {
		    "class": "H5L_TYPE_HARD",
                    "title": "G1",
		    "collection": "groups",
                    "href": "23676461-7bed-11e4-b95c-3c15c2da029e"
                }
            ]
        }, 
        "23676461-7bed-11e4-b95c-3c15c2da029e" : {}
    },
    "root": "2365cacf-7bed-11e4-b15d-3c15c2da029e"
}
