{
    "apiVersion": "0.0.0",
    "datasets": {
        "41e49e63-7b86-11e4-852f-3c15c2da029e": {
            "shape": {
                "class": "H5S_SCALAR"
            }, 
            "type": {
                "base": "H5T_STD_I32LE", 
                "class": "H5T_INTEGER"
            }, 
            "value": 42
        },
        "41e4b5a8-7b86-11e4-b6f6-3c15c2da029e": {
            "shape": {
                "class": "H5S_SIMPLE", 
                "dims": [1], 
                "maxdims": [1]
            }, 
            "type": {
                "base": "H5T_STD_I32LE", 
                "class": "H5T_INTEGER"
            }, 
            "value": [42]
        }
    }, 
    "groups": {
        "41e373c0-7b86-11e4-a863-3c15c2da029e": {
            "attributes": [
                {
                    "name": "attr1", 
                    "shape": {
                        "class": "H5S_SCALAR"
                    }, 
                    "type": {
                        "base": "H5T_STD_I64LE", 
                        "class": "H5T_INTEGER"
                    }, 
                    "value": 42
                }, 
                {
                    "name": "attr2", 
                    "shape": {
                        "class": "H5S_SCALAR"
                    }, 
                    "type": {
                        "base": "H5T_STD_I64LE", 
                        "class": "H5T_INTEGER"
                    }, 
                    "value": 42
                }
            ], 
            "links": [
                {
		    "class": "H5L_TYPE_HARD",
                    "title": "0d",
		    "collection": "datasets",
                    "id": "41e49e63-7b86-11e4-852f-3c15c2da029e"
                }, 
                {
		    "class": "H5L_TYPE_HARD",
                    "title": "1d",
		    "collection": "datasets",
                    "id": "41e4b5a8-7b86-11e4-b6f6-3c15c2da029e"
                }
            ]
        }
    }, 
    "root": "41e373c0-7b86-11e4-a863-3c15c2da029e"
}
