{
    "apiVersion": "0.0.0",
    "groups": {
        "a6c2fdf8-7bf7-11e4-9882-3c15c2da029e": {
            "links": [
                {
                    "href": "groups/a6c3f58c-7bf7-11e4-a370-3c15c2da029e", 
                    "title": "g1"
                }, 
                {
                    "href": "groups/a6c42494-7bf7-11e4-ab57-3c15c2da029e", 
                    "title": "g2"
                }, 
                {
                    "href": "a6c46ab3-7bf7-11e4-9229-3c15c2da029e", 
                    "title": "g3"
                }
            ]
        }, 
        "a6c3f58c-7bf7-11e4-a370-3c15c2da029e": {
            "links": [
                {
		    "class": "H5L_TYPE_HARD",
                    "title": "g1.1",
		    "collection": "groups",
                    "id": "a6c40ab5-7bf7-11e4-9279-3c15c2da029e"
                }, 
                {
		    "class": "H5L_TYPE_HARD",
                    "title": "g1.2",
		    "collection": "groups",
                    "id": "a6c417f5-7bf7-11e4-b5b9-3c15c2da029e"
                }
            ]
        }, 
        "a6c40ab5-7bf7-11e4-9279-3c15c2da029e": {},
        "a6c417f5-7bf7-11e4-b5b9-3c15c2da029e": {},
        "a6c42494-7bf7-11e4-ab57-3c15c2da029e": {
            "links": [
                {
		    "class": "H5L_TYPE_HARD",
                    "title": "g2.1",
		    "collection": "groups",
                    "id": "a6c43326-7bf7-11e4-ad08-3c15c2da029e"
                }
            ]
        }, 
        "a6c43326-7bf7-11e4-ad08-3c15c2da029e": {
            "links": [
                {
		    "class": "H5L_TYPE_HARD",
                    "title": "g2.1.1",
		    "collection": "groups",
                    "id": "a6c4420a-7bf7-11e4-b535-3c15c2da029e"
                }, 
                {
		    "class": "H5L_TYPE_HARD",
                    "title": "g2.1.2",
		    "collection": "groups",
                    "id": "a6c45070-7bf7-11e4-b666-3c15c2da029e"
                 }, 
                {
		    "class": "H5L_TYPE_HARD",
                    "title": "g2.1.3",
		    "collection": "groups",
                    "id": "a6c45e26-7bf7-11e4-bb94-3c15c2da029e"
                }
            ]
        }, 
        "a6c4420a-7bf7-11e4-b535-3c15c2da029e": {},
        "a6c45070-7bf7-11e4-b666-3c15c2da029e": {},
        "a6c45e26-7bf7-11e4-bb94-3c15c2da029e": {},
        "a6c46ab3-7bf7-11e4-9229-3c15c2da029e": {
            "links": [
                {
		    "class": "H5L_TYPE_HARD",
                    "title": "g3.1",
		    "collection": "groups",
                    "id": "a6c4782b-7bf7-11e4-b1e0-3c15c2da029e"
                }, 
                {
		    "class": "H5L_TYPE_HARD",
                    "title": "g3.2",
		    "collection": "groups",
                    "id": "a6c484ca-7bf7-11e4-973a-3c15c2da029e"
                }, 
                {
		    "class": "H5L_TYPE_HARD",
                    "title": "g3.3",
		    "collection": "groups",
                    "id" "a6c4918f-7bf7-11e4-a8fc-3c15c2da029e"
                }, 
                {
		    "class": "H5L_TYPE_HARD",
                    "title": "g3.4",
		    "collection": "groups",
                    "href": "a6c49d2b-7bf7-11e4-a6ca-3c15c2da029e"
                }
            ]
        }, 
        "a6c4782b-7bf7-11e4-b1e0-3c15c2da029e": {},
        "a6c484ca-7bf7-11e4-973a-3c15c2da029e": {},
        "a6c4918f-7bf7-11e4-a8fc-3c15c2da029e": {},
        "a6c49d2b-7bf7-11e4-a6ca-3c15c2da029e": {}
    }, 
    "root": "a6c2fdf8-7bf7-11e4-9882-3c15c2da029e"
}
